market_key,market,scenario_id,scenario,is_baseline,sensitivity_parameter,sensitivity_value,n,epsilon,d_I,d_J,strategy,baseline_prediction,centralized_sufficient_condition,replications,mean_interactions,sd_interactions,p05_interactions,median_interactions,p95_interactions,mean_welfare_ratio,sd_welfare_ratio,p05_welfare_ratio,median_welfare_ratio,p95_welfare_ratio,mean_match_rate,sd_match_rate,mean_runtime_ms,se_interactions,ci95_low_interactions,ci95_high_interactions,ci95_low_welfare_ratio,ci95_high_welfare_ratio,ci95_low_match_rate,ci95_high_match_rate
airbnb,Airbnb / short-term rentals,airbnb_dj_0.20,"d_I=0.10, d_J=0.20",False,d_J (with d_I fixed at 0.10),0.2,25,0.1,0.1,0.2,Both sides search,Customers search,False,100,7.2076,0.9479154375616408,6.238,6.9399999999999995,9.404,0.9997802197802198,0.002197802197802188,1.0,1.0,1.0000000000000002,1.0,0.0,0.216578999243211,0.09479154375616408,7.021808574237919,7.393391425762082,0.9993494505494506,1.000210989010989,1.0,1.0
airbnb,Airbnb / short-term rentals,airbnb_dj_0.20,"d_I=0.10, d_J=0.20",False,d_J (with d_I fixed at 0.10),0.2,25,0.1,0.1,0.2,Centralized matching,Customers search,False,100,25.0,0.0,25.0,25.0,25.0,0.47107219760373004,0.08075604645407579,0.3448275862068966,0.48387096774193544,0.6060606060606061,0.3492,0.07143097254261513,0.38445600017439574,0.0,25.0,25.0,0.4552440124987312,0.4869003827087289,0.33519952938164743,0.3632004706183526
airbnb,Airbnb / short-term rentals,airbnb_dj_0.20,"d_I=0.10, d_J=0.20",False,d_J (with d_I fixed at 0.10),0.2,25,0.1,0.1,0.2,Customers search,Customers search,False,100,5.9216,1.4500983735351518,3.998,5.66,8.362,0.9974215155940037,0.0076325403597211385,0.9780219780219781,1.0,1.0000000000000002,1.0,0.0,0.4950129985809326,0.1450098373535152,5.63738071878711,6.205819281212889,0.9959255376834983,0.9989174935045091,1.0,1.0
airbnb,Airbnb / short-term rentals,airbnb_dj_0.20,"d_I=0.10, d_J=0.20",False,d_J (with d_I fixed at 0.10),0.2,25,0.1,0.1,0.2,Providers search,Customers search,False,100,7.032,1.5480036019063879,5.156000000000001,6.76,10.17,0.9989367685942762,0.004661722368902634,0.9989898989898988,1.0,1.0000000000000002,1.0,0.0,0.5796609999379143,0.15480036019063878,6.728591294026348,7.335408705973652,0.9980230710099712,0.9998504661785811,1.0,1.0
airbnb,Airbnb / short-term rentals,airbnb_dj_0.20,"d_I=0.10, d_J=0.20",False,d_J (with d_I fixed at 0.10),0.2,50,0.1,0.1,0.2,Both sides search,Customers search,False,100,11.9544,0.49237482642491964,11.18,11.93,12.7,0.9999029126213592,0.0009708737864077403,1.0,1.0,1.0000000000000002,1.0,0.0,0.3855649984325282,0.04923748264249196,11.857894534020716,12.050905465979284,0.9997126213592233,1.000093203883495,1.0,1.0
airbnb,Airbnb / short-term rentals,airbnb_dj_0.20,"d_I=0.10, d_J=0.20",False,d_J (with d_I fixed at 0.10),0.2,50,0.1,0.1,0.2,Centralized matching,Customers search,False,100,50.0,0.0,50.0,50.0,50.0,0.6699207703446661,0.053215723882093204,0.5670103092783503,0.6796116504854366,0.7476635514018691,0.5508,0.05938540445788225,0.7556479997583665,0.0,50.0,50.0,0.6594904884637759,0.6803510522255564,0.539160460726255,0.5624395392737449
airbnb,Airbnb / short-term rentals,airbnb_dj_0.20,"d_I=0.10, d_J=0.20",False,d_J (with d_I fixed at 0.10),0.2,50,0.1,0.1,0.2,Customers search,Customers search,False,100,6.0914,0.9777039894104407,4.816000000000001,5.84,7.805999999999999,0.9997167654352122,0.00161928087602103,0.9999999999999998,1.0,1.0000000000000002,1.0,0.0,0.9832570000435226,0.09777039894104407,5.899770018075554,6.283029981924447,0.999399386383512,1.0000341444869123,1.0,1.0
airbnb,Airbnb / short-term rentals,airbnb_dj_0.20,"d_I=0.10, d_J=0.20",False,d_J (with d_I fixed at 0.10),0.2,50,0.1,0.1,0.2,Providers search,Customers search,False,100,9.1196,0.8911868377607356,7.8580000000000005,8.99,10.703999999999999,1.0,1.357448900883078e-16,0.9999999999999998,1.0,1.0000000000000002,1.0,0.0,1.504171000851784,0.08911868377607356,8.944927379798896,9.294272620201104,1.0,1.0,1.0,1.0
airbnb,Airbnb / short-term rentals,airbnb_dj_0.20,"d_I=0.10, d_J=0.20",False,d_J (with d_I fixed at 0.10),0.2,100,0.1,0.1,0.2,Both sides search,Customers search,False,100,22.3541,0.549194258285111,21.529,22.384999999999998,23.224,0.9997846582028135,0.000943405294279919,0.9997872340425528,0.9999999999999999,1.0,1.0,0.0,0.9539659996517003,0.0549194258285111,22.246457925376117,22.46174207462388,0.9995997507651346,0.9999695656404923,1.0,1.0
airbnb,Airbnb / short-term rentals,airbnb_dj_0.20,"d_I=0.10, d_J=0.20",False,d_J (with d_I fixed at 0.10),0.2,100,0.1,0.1,0.2,Centralized matching,Customers search,False,100,100.0,0.0,100.0,100.0,100.0,0.8611142236671278,0.025859271396436137,0.8108108108108111,0.8624454148471618,0.9042553191489362,0.7887000000000001,0.03586323628971201,1.682204999960959,0.0,100.0,100.0,0.8560458064734263,0.8661826408608292,0.7816708056872165,0.7957291943127837
airbnb,Airbnb / short-term rentals,airbnb_dj_0.20,"d_I=0.10, d_J=0.20",False,d_J (with d_I fixed at 0.10),0.2,100,0.1,0.1,0.2,Customers search,Customers search,False,100,8.0887,0.7337556015651825,6.9485,8.1,9.1655,0.9981708037452663,0.00263719239481523,0.9914163090128756,0.9999999999999999,1.0000000000000002,1.0,0.0,2.647306000581011,0.07337556015651825,7.944883902093223,8.232516097906775,0.9976539140358825,0.9986876934546501,1.0,1.0
airbnb,Airbnb / short-term rentals,airbnb_dj_0.20,"d_I=0.10, d_J=0.20",False,d_J (with d_I fixed at 0.10),0.2,100,0.1,0.1,0.2,Providers search,Customers search,False,100,14.021099999999999,1.0688102466922478,12.489,13.92,15.59,0.9988271238196285,0.0021219685476108158,0.9955555555555556,0.9999999999999999,1.0,1.0,0.0,4.799411998537835,0.10688102466922478,13.811613191648318,14.23058680835168,0.9984112179842968,0.9992430296549601,1.0,1.0
airbnb,Airbnb / short-term rentals,airbnb_dj_0.20,"d_I=0.10, d_J=0.20",False,d_J (with d_I fixed at 0.10),0.2,150,0.1,0.1,0.2,Both sides search,Customers search,False,100,32.78713333333333,0.6663799080240796,31.715666666666667,32.82666666666667,33.824666666666666,0.9982629165824907,0.0017815168151793725,0.9945197952732199,0.9972677595628415,1.0,1.0,0.0,1.7725059995427728,0.06663799080240797,32.65652287136061,32.91774379530605,0.9979137392867156,0.9986120938782658,1.0,1.0
airbnb,Airbnb / short-term rentals,airbnb_dj_0.20,"d_I=0.10, d_J=0.20",False,d_J (with d_I fixed at 0.10),0.2,150,0.1,0.1,0.2,Centralized matching,Customers search,False,100,150.0,0.0,150.0,150.0,150.0,0.9490845604612725,0.012311505120271205,0.9287709497206706,0.9504132231404959,0.969945355191257,0.9175333333333333,0.01855994020656803,2.854567998147104,0.0,150.0,150.0,0.9466715054576994,0.9514976154648457,0.913895585052846,0.9211710816138207
airbnb,Airbnb / short-term rentals,airbnb_dj_0.20,"d_I=0.10, d_J=0.20",False,d_J (with d_I fixed at 0.10),0.2,150,0.1,0.1,0.2,Customers search,Customers search,False,100,10.160666666666668,0.8902068512064513,8.498,10.190000000000001,11.56,0.9951471686770956,0.003034021547183641,0.989010989010989,0.9945205479452054,1.0,1.0,0.0,5.202083000622224,0.08902068512064512,9.986186123830203,10.335147209503132,0.9945525004538477,0.9957418369003436,1.0,1.0
airbnb,Airbnb / short-term rentals,airbnb_dj_0.20,"d_I=0.10, d_J=0.20",False,d_J (with d_I fixed at 0.10),0.2,150,0.1,0.1,0.2,Providers search,Customers search,False,100,18.659200000000002,1.1846084674270596,16.445333333333334,18.77,20.325,0.9962779758452496,0.002811025688410807,0.9916643389199256,0.9972299168975067,1.0,1.0,0.0,10.214305000554305,0.11846084674270596,18.4270167403843,18.891383259615704,0.9957270148103211,0.996828936880178,1.0,1.0
airbnb,Airbnb / short-term rentals,airbnb_dj_0.20,"d_I=0.10, d_J=0.20",False,d_J (with d_I fixed at 0.10),0.2,200,0.1,0.1,0.2,Both sides search,Customers search,False,100,11.410250000000001,1.3302768708168624,9.10225,11.65,13.1645,0.998723281796257,0.0018159064096872407,0.9959427925922261,0.9999999999999999,1.0,1.0,0.0,8.216628998925444,0.13302768708168625,11.149515733319896,11.670984266680106,0.9983673641399583,0.9990791994525557,1.0,1.0
airbnb,Airbnb / short-term rentals,airbnb_dj_0.20,"d_I=0.10, d_J=0.20",False,d_J (with d_I fixed at 0.10),0.2,200,0.1,0.1,0.2,Centralized matching,Customers search,False,100,200.0,0.0,200.0,200.0,200.0,0.9852428299941947,0.005995835116932647,0.9756097560975612,0.9848484848484849,0.9939178621178426,0.9738499999999999,0.008815018176642967,4.563181000412442,0.0,200.0,200.0,0.9840676463112759,0.9864180136771135,0.9721222564373778,0.975577743562622
airbnb,Airbnb / short-term rentals,airbnb_dj_0.20,"d_I=0.10, d_J=0.20",False,d_J (with d_I fixed at 0.10),0.2,200,0.1,0.1,0.2,Customers search,Customers search,False,100,11.410250000000001,1.3302768708168624,9.10225,11.65,13.1645,0.998723281796257,0.0018159064096872407,0.9959427925922261,0.9999999999999999,1.0,1.0,0.0,8.183307001017965,0.13302768708168625,11.149515733319896,11.670984266680106,0.9983673641399583,0.9990791994525557,1.0,1.0
airbnb,Airbnb / short-term rentals,airbnb_dj_0.20,"d_I=0.10, d_J=0.20",False,d_J (with d_I fixed at 0.10),0.2,200,0.1,0.1,0.2,Providers search,Customers search,False,100,21.6355,2.0769722889073146,17.160500000000003,22.0325,24.268250000000002,0.9987650397020505,0.0014078798295106985,0.9959432048681541,0.998995983935743,1.0,1.0,0.0,16.997800001408905,0.20769722889073144,21.228413431374168,22.042586568625833,0.9984890952554665,0.9990409841486346,1.0,1.0
airbnb,Airbnb / short-term rentals,airbnb_dj_0.40,"d_I=0.10, d_J=0.40",False,d_J (with d_I fixed at 0.10),0.4,25,0.1,0.1,0.4,Both sides search,Customers search,False,100,11.7844,0.6543071283287518,10.912,11.74,12.726,1.0,1.7991994368597172e-16,1.0,1.0,1.0000000000000002,1.0,0.0,0.18119500018656254,0.06543071283287519,11.656155802847564,11.912644197152435,1.0,1.0,1.0,1.0
airbnb,Airbnb / short-term rentals,airbnb_dj_0.40,"d_I=0.10, d_J=0.40",False,d_J (with d_I fixed at 0.10),0.4,25,0.1,0.1,0.4,Centralized matching,Customers search,False,100,25.0,0.0,25.0,25.0,25.0,0.6777648812009653,0.06656701615559926,0.5670103092783506,0.6796116504854368,0.7628003494975971,0.5604,0.07357975127696342,0.38451300119049847,0.0,25.0,25.0,0.6647177460344679,0.6908120163674628,0.5459783687497152,0.5748216312502848
airbnb,Airbnb / short-term rentals,airbnb_dj_0.40,"d_I=0.10, d_J=0.40",False,d_J (with d_I fixed at 0.10),0.4,25,0.1,0.1,0.4,Customers search,Customers search,False,100,3.6296,0.6481705723874627,2.756,3.54,4.7219999999999995,1.0,9.727459440504585e-17,1.0,1.0,1.0000000000000002,1.0,0.0,0.32596400240436196,0.06481705723874627,3.5025585678120574,3.7566414321879424,1.0,1.0,1.0,1.0
airbnb,Airbnb / short-term rentals,airbnb_dj_0.40,"d_I=0.10, d_J=0.40",False,d_J (with d_I fixed at 0.10),0.4,25,0.1,0.1,0.4,Providers search,Customers search,False,100,8.5096,1.0467630914858288,7.154,8.42,10.202,0.9992304133624117,0.003790095687650732,1.0,1.0,1.0000000000000002,1.0,0.0,0.6891720002749935,0.10467630914858288,8.304434434068778,8.714765565931224,0.9984875546076322,0.9999732721171912,1.0,1.0
airbnb,Airbnb / short-term rentals,airbnb_dj_0.40,"d_I=0.10, d_J=0.40",False,d_J (with d_I fixed at 0.10),0.4,50,0.1,0.1,0.4,Both sides search,Customers search,False,100,4.497,0.7047049672799893,3.339,4.46,5.742,0.9991368354801551,0.002603126644226824,0.9913793103448276,1.0,1.0000000000000002,1.0,0.0,0.7449070000438951,0.07047049672799893,4.358877826413122,4.635122173586878,0.9986266226578866,0.9996470483024236,1.0,1.0
airbnb,Airbnb / short-term rentals,airbnb_dj_0.40,"d_I=0.10, d_J=0.40",False,d_J (with d_I fixed at 0.10),0.4,50,0.1,0.1,0.4,Centralized matching,Customers search,False,100,50.0,0.0,50.0,50.0,50.0,0.8638346629330647,0.03600929701338037,0.7954545454545453,0.8695652173913042,0.9110169491525423,0.7928000000000001,0.04960612539563712,0.7616619995678775,0.0,50.0,50.0,0.8567768407184421,0.8708924851476872,0.7830771994224552,0.8025228005775449
airbnb,Airbnb / short-term rentals,airbnb_dj_0.40,"d_I=0.10, d_J=0.40",False,d_J (with d_I fixed at 0.10),0.4,50,0.1,0.1,0.4,Customers search,Customers search,False,100,4.497,0.7047049672799893,3.339,4.46,5.742,0.9991368354801551,0.002603126644226824,0.9913793103448276,1.0,1.0000000000000002,1.0,0.0,0.73851899971487,0.07047049672799893,4.358877826413122,4.635122173586878,0.9986266226578866,0.9996470483024236,1.0,1.0
airbnb,Airbnb / short-term rentals,airbnb_dj_0.40,"d_I=0.10, d_J=0.40",False,d_J (with d_I fixed at 0.10),0.4,50,0.1,0.1,0.4,Providers search,Customers search,False,100,13.277000000000001,1.3067018393534529,11.232000000000001,13.26,15.44,0.9992254715415689,0.0027717590231441254,0.9914529914529915,1.0,1.0000000000000002,1.0,0.0,2.1517220011446625,0.1306701839353453,13.020886439486723,13.533113560513279,0.9986822067730327,0.9997687363101052,1.0,1.0
airbnb,Airbnb / short-term rentals,airbnb_dj_0.40,"d_I=0.10, d_J=0.40",False,d_J (with d_I fixed at 0.10),0.4,100,0.1,0.1,0.4,Both sides search,Customers search,False,100,5.9525,0.9461109924850308,4.3685,5.98,7.352499999999999,0.9992687621120926,0.0016708500620381144,0.9959183673469388,1.0,1.0000000000000002,1.0,0.0,1.9947570018121041,0.09461109924850308,5.767062245472934,6.137937754527066,0.9989412754999332,0.999596248724252,1.0,1.0
airbnb,Airbnb / short-term rentals,airbnb_dj_0.40,"d_I=0.10, d_J=0.40",False,d_J (with d_I fixed at 0.10),0.4,100,0.1,0.1,0.4,Centralized matching,Customers search,False,100,100.0,0.0,100.0,100.0,100.0,0.9833851980832182,0.008925525395135796,0.9693877551020408,0.9857723577235772,0.9979838709677419,0.9708,0.0136832862731262,1.7463629998383112,0.0,100.0,100.0,0.9816357951057716,0.9851346010606649,0.9681180758904673,0.9734819241095327
airbnb,Airbnb / short-term rentals,airbnb_dj_0.40,"d_I=0.10, d_J=0.40",False,d_J (with d_I fixed at 0.10),0.4,100,0.1,0.1,0.4,Customers search,Customers search,False,100,5.9525,0.9461109924850308,4.3685,5.98,7.352499999999999,0.9992687621120926,0.0016708500620381144,0.9959183673469388,1.0,1.0000000000000002,1.0,0.0,2.000399999669753,0.09461109924850308,5.767062245472934,6.137937754527066,0.9989412754999332,0.999596248724252,1.0,1.0
airbnb,Airbnb / short-term rentals,airbnb_dj_0.40,"d_I=0.10, d_J=0.40",False,d_J (with d_I fixed at 0.10),0.4,100,0.1,0.1,0.4,Providers search,Customers search,False,100,20.4137,3.565504102514888,13.455,21.425,24.7845,0.9993113944668326,0.0016339199612884464,0.9959349593495934,1.0,1.0000000000000002,1.0,0.0,6.914609000377823,0.3565504102514888,19.71486119590708,21.112538804092917,0.9989911461544201,0.9996316427792451,1.0,1.0
airbnb,Airbnb / short-term rentals,airbnb_dj_0.40,"d_I=0.10, d_J=0.40",False,d_J (with d_I fixed at 0.10),0.4,150,0.1,0.1,0.4,Both sides search,Customers search,False,100,4.807133333333333,1.5148012741321002,3.311666666666667,4.253333333333334,7.77,1.0,0.0,1.0,1.0,1.0,1.0,0.0,2.5558960021589883,0.15148012741321001,4.510232283603441,5.104034383063224,1.0,1.0,1.0,1.0
airbnb,Airbnb / short-term rentals,airbnb_dj_0.40,"d_I=0.10, d_J=0.40",False,d_J (with d_I fixed at 0.10),0.4,150,0.1,0.1,0.4,Centralized matching,Customers search,False,100,150.0,0.0,150.0,150.0,150.0,0.9975108941668543,0.0027066352542172534,0.9919571045576409,0.9959893048128342,1.0,0.9957333333333334,0.004496662935256643,2.8817559988237917,0.0,150.0,150.0,0.9969803936570277,0.998041394676681,0.994851987398023,0.9966146792686437
airbnb,Airbnb / short-term rentals,airbnb_dj_0.40,"d_I=0.10, d_J=0.40",False,d_J (with d_I fixed at 0.10),0.4,150,0.1,0.1,0.4,Customers search,Customers search,False,100,4.807133333333333,1.5148012741321002,3.311666666666667,4.253333333333334,7.77,1.0,0.0,1.0,1.0,1.0,1.0,0.0,2.500906001077965,0.15148012741321001,4.510232283603441,5.104034383063224,1.0,1.0,1.0,1.0
airbnb,Airbnb / short-term rentals,airbnb_dj_0.40,"d_I=0.10, d_J=0.40",False,d_J (with d_I fixed at 0.10),0.4,150,0.1,0.1,0.4,Providers search,Customers search,False,100,19.551666666666666,5.316749585074777,12.715666666666667,17.92,28.468666666666667,1.0,0.0,1.0,1.0,1.0,1.0,0.0,10.710977998678572,0.5316749585074777,18.50958374799201,20.59374958534132,1.0,1.0,1.0,1.0
airbnb,Airbnb / short-term rentals,airbnb_dj_0.40,"d_I=0.10, d_J=0.40",False,d_J (with d_I fixed at 0.10),0.4,200,0.1,0.1,0.4,Both sides search,Customers search,False,100,3.838,0.7268188609039095,3.0645,3.715,5.03725,1.0,0.0,1.0,1.0,1.0,1.0,0.0,2.825239999219775,0.07268188609039095,3.695543503262834,3.9804564967371663,1.0,1.0,1.0,1.0
airbnb,Airbnb / short-term rentals,airbnb_dj_0.40,"d_I=0.10, d_J=0.40",False,d_J (with d_I fixed at 0.10),0.4,200,0.1,0.1,0.4,Centralized matching,Customers search,False,100,200.0,0.0,200.0,200.0,200.0,0.9996693386773547,0.0009452886905868117,0.996993987975952,1.0,1.0,0.99945,0.001572330188676078,4.234859001007862,0.0,200.0,200.0,0.9994840620939998,0.9998546152607097,0.9991418232830195,0.9997581767169804
airbnb,Airbnb / short-term rentals,airbnb_dj_0.40,"d_I=0.10, d_J=0.40",False,d_J (with d_I fixed at 0.10),0.4,200,0.1,0.1,0.4,Customers search,Customers search,False,100,3.838,0.7268188609039095,3.0645,3.715,5.03725,1.0,0.0,1.0,1.0,1.0,1.0,0.0,2.8773439998622052,0.07268188609039095,3.695543503262834,3.9804564967371663,1.0,1.0,1.0,1.0
airbnb,Airbnb / short-term rentals,airbnb_dj_0.40,"d_I=0.10, d_J=0.40",False,d_J (with d_I fixed at 0.10),0.4,200,0.1,0.1,0.4,Providers search,Customers search,False,100,15.71325,3.977098732846355,11.42925,14.8025,24.647499999999997,1.0,0.0,1.0,1.0,1.0,1.0,0.0,12.230154001445044,0.3977098732846355,14.933738648362114,16.492761351637885,1.0,1.0,1.0,1.0
airbnb,Airbnb / short-term rentals,airbnb_dj_0.60,"d_I=0.10, d_J=0.60",False,d_J (with d_I fixed at 0.10),0.6,25,0.1,0.1,0.6,Both sides search,Customers search,False,100,2.8360000000000003,0.5237780391954537,2.1180000000000003,2.76,3.8059999999999996,0.9998230088495577,0.001769911504424791,1.0,1.0,1.0000000000000002,1.0,0.0,0.2540229997248389,0.05237780391954537,2.7333395043176916,2.938660495682309,0.9994761061946904,1.000169911504425,1.0,1.0
airbnb,Airbnb / short-term rentals,airbnb_dj_0.60,"d_I=0.10, d_J=0.60",False,d_J (with d_I fixed at 0.10),0.6,25,0.1,0.1,0.6,Centralized matching,Customers search,False,100,25.0,0.0,25.0,25.0,25.0,0.7868947173793227,0.05915507919106244,0.6796116504854368,0.7798165137614679,0.8709587513935338,0.6916,0.07591489120765904,0.38294200057862327,0.0,25.0,25.0,0.7753003218578745,0.798489112900771,0.6767206813232988,0.7064793186767012
airbnb,Airbnb / short-term rentals,airbnb_dj_0.60,"d_I=0.10, d_J=0.60",False,d_J (with d_I fixed at 0.10),0.6,25,0.1,0.1,0.6,Customers search,Customers search,False,100,2.8360000000000003,0.5237780391954537,2.1180000000000003,2.76,3.8059999999999996,0.9998230088495577,0.001769911504424791,1.0,1.0,1.0000000000000002,1.0,0.0,0.26980499969795346,0.05237780391954537,2.7333395043176916,2.938660495682309,0.9994761061946904,1.000169911504425,1.0,1.0
airbnb,Airbnb / short-term rentals,airbnb_dj_0.60,"d_I=0.10, d_J=0.60",False,d_J (with d_I fixed at 0.10),0.6,25,0.1,0.1,0.6,Providers search,Customers search,False,100,10.613199999999999,1.2339972660120657,8.316,10.76,12.211999999999998,0.9998230088495577,0.001769911504424791,1.0,1.0,1.0000000000000002,1.0,0.0,0.8495070011122152,0.12339972660120657,10.371336535861634,10.855063464138365,0.9994761061946904,1.000169911504425,1.0,1.0
airbnb,Airbnb / short-term rentals,airbnb_dj_0.60,"d_I=0.10, d_J=0.60",False,d_J (with d_I fixed at 0.10),0.6,50,0.1,0.1,0.6,Both sides search,Customers search,False,100,3.6586000000000003,0.742837883533225,2.5780000000000003,3.68,4.784,0.9992574396771617,0.0023733032403306527,0.9918032786885246,1.0,1.0000000000000002,1.0,0.0,0.6291730006341822,0.0742837883533225,3.5130037748274883,3.8041962251725123,0.9987922722420569,0.9997226071122666,1.0,1.0
airbnb,Airbnb / short-term rentals,airbnb_dj_0.60,"d_I=0.10, d_J=0.60",False,d_J (with d_I fixed at 0.10),0.6,50,0.1,0.1,0.6,Centralized matching,Customers search,False,100,50.0,0.0,50.0,50.0,50.0,0.9504718871447344,0.018658158009240124,0.9243697478991595,0.9504132231404958,0.975609756097561,0.9198000000000001,0.02835489375751565,0.7746480003697798,0.0,50.0,50.0,0.9468148881749233,0.9541288861145455,0.914242440823527,0.9253575591764731
airbnb,Airbnb / short-term rentals,airbnb_dj_0.60,"d_I=0.10, d_J=0.60",False,d_J (with d_I fixed at 0.10),0.6,50,0.1,0.1,0.6,Customers search,Customers search,False,100,3.6586000000000003,0.742837883533225,2.5780000000000003,3.68,4.784,0.9992574396771617,0.0023733032403306527,0.9918032786885246,1.0,1.0000000000000002,1.0,0.0,0.6262269982835278,0.0742837883533225,3.5130037748274883,3.8041962251725123,0.9987922722420569,0.9997226071122666,1.0,1.0
airbnb,Airbnb / short-term rentals,airbnb_dj_0.60,"d_I=0.10, d_J=0.60",False,d_J (with d_I fixed at 0.10),0.6,50,0.1,0.1,0.6,Providers search,Customers search,False,100,16.854200000000002,2.328553190201151,12.256,17.15,19.998,0.9987574964319432,0.003408841127680592,0.9916666666666668,1.0,1.0000000000000002,1.0,0.0,2.7246049989480525,0.2328553190201151,16.397803574720577,17.310596425279428,0.9980893635709178,0.9994256292929686,1.0,1.0
airbnb,Airbnb / short-term rentals,airbnb_dj_0.60,"d_I=0.10, d_J=0.60",False,d_J (with d_I fixed at 0.10),0.6,100,0.1,0.1,0.6,Both sides search,Customers search,False,100,3.2171,1.2815152765536602,2.069,2.71,5.895999999999999,1.0,2.2316322462394835e-17,1.0,1.0,1.0,1.0,0.0,1.1469509985181503,0.12815152765536603,2.9659230057954824,3.4682769942045173,1.0,1.0,1.0,1.0
airbnb,Airbnb / short-term rentals,airbnb_dj_0.60,"d_I=0.10, d_J=0.60",False,d_J (with d_I fixed at 0.10),0.6,100,0.1,0.1,0.6,Centralized matching,Customers search,False,100,100.0,0.0,100.0,100.0,100.0,0.9974860648025037,0.003636851759847251,0.9938722501341398,1.0,1.0,0.9954999999999999,0.006256309946079567,1.7482409992953762,0.0,100.0,100.0,0.9967732418575737,0.9981988877474337,0.9942737632505684,0.9967262367494315
airbnb,Airbnb / short-term rentals,airbnb_dj_0.60,"d_I=0.10, d_J=0.60",False,d_J (with d_I fixed at 0.10),0.6,100,0.1,0.1,0.6,Customers search,Customers search,False,100,3.2171,1.2815152765536602,2.069,2.71,5.895999999999999,1.0,2.2316322462394835e-17,1.0,1.0,1.0,1.0,0.0,1.1110990005545318,0.12815152765536603,2.9659230057954824,3.4682769942045173,1.0,1.0,1.0,1.0
airbnb,Airbnb / short-term rentals,airbnb_dj_0.60,"d_I=0.10, d_J=0.60",False,d_J (with d_I fixed at 0.10),0.6,100,0.1,0.1,0.6,Providers search,Customers search,False,100,17.8154,5.085095555452307,12.6145,15.99,28.701,1.0,0.0,1.0,1.0,1.0,1.0,0.0,6.092209997877944,0.5085095555452307,16.81872127113135,18.812078728868652,1.0,1.0,1.0,1.0
airbnb,Airbnb / short-term rentals,airbnb_dj_0.60,"d_I=0.10, d_J=0.60",False,d_J (with d_I fixed at 0.10),0.6,150,0.1,0.1,0.6,Both sides search,Customers search,False,100,2.279866666666667,0.2808068861249203,1.8733333333333333,2.2766666666666664,2.828333333333333,1.0,0.0,1.0,1.0,1.0,1.0,0.0,1.2381250009639189,0.02808068861249203,2.2248285169861823,2.3349048163471515,1.0,1.0,1.0,1.0
airbnb,Airbnb / short-term rentals,airbnb_dj_0.60,"d_I=0.10, d_J=0.60",False,d_J (with d_I fixed at 0.10),0.6,150,0.1,0.1,0.6,Centralized matching,Customers search,False,100,150.0,0.0,150.0,150.0,150.0,0.9999195710455764,0.0008042895442359153,1.0,1.0,1.0,0.9998666666666667,0.0013333333333333305,2.803401999990456,0.0,150.0,150.0,0.9997619302949061,1.0000772117962466,0.9996053333333333,1.000128
airbnb,Airbnb / short-term rentals,airbnb_dj_0.60,"d_I=0.10, d_J=0.60",False,d_J (with d_I fixed at 0.10),0.6,150,0.1,0.1,0.6,Customers search,Customers search,False,100,2.279866666666667,0.2808068861249203,1.8733333333333333,2.2766666666666664,2.828333333333333,1.0,0.0,1.0,1.0,1.0,1.0,0.0,1.232198000070639,0.02808068861249203,2.2248285169861823,2.3349048163471515,1.0,1.0,1.0,1.0
airbnb,Airbnb / short-term rentals,airbnb_dj_0.60,"d_I=0.10, d_J=0.60",False,d_J (with d_I fixed at 0.10),0.6,150,0.1,0.1,0.6,Providers search,Customers search,False,100,14.0618,2.736881306559582,11.526333333333334,13.503333333333334,17.27833333333333,1.0,0.0,1.0,1.0,1.0,1.0,0.0,7.633252999512479,0.2736881306559582,13.525371263914321,14.598228736085678,1.0,1.0,1.0,1.0
airbnb,Airbnb / short-term rentals,airbnb_dj_0.60,"d_I=0.10, d_J=0.60",False,d_J (with d_I fixed at 0.10),0.6,200,0.1,0.1,0.6,Both sides search,Customers search,False,100,2.13655,0.20239936394478256,1.85375,2.13,2.4707500000000002,1.0,0.0,1.0,1.0,1.0,1.0,0.0,1.6581799995037727,0.020239936394478256,2.096879724666823,2.1762202753331774,1.0,1.0,1.0,1.0
airbnb,Airbnb / short-term rentals,airbnb_dj_0.60,"d_I=0.10, d_J=0.60",False,d_J (with d_I fixed at 0.10),0.6,200,0.1,0.1,0.6,Centralized matching,Customers search,False,100,200.0,0.0,200.0,200.0,200.0,0.9999699398797596,0.00030060120240479004,1.0,1.0,1.0,0.99995,0.0005000000000000112,4.1570339986355975,0.0,200.0,200.0,0.9999110220440882,1.0000288577154308,0.999852,1.000048
airbnb,Airbnb / short-term rentals,airbnb_dj_0.60,"d_I=0.10, d_J=0.60",False,d_J (with d_I fixed at 0.10),0.6,200,0.1,0.1,0.6,Customers search,Customers search,False,100,2.13655,0.20239936394478256,1.85375,2.13,2.4707500000000002,1.0,0.0,1.0,1.0,1.0,1.0,0.0,1.646443999488838,0.020239936394478256,2.096879724666823,2.1762202753331774,1.0,1.0,1.0,1.0
airbnb,Airbnb / short-term rentals,airbnb_dj_0.60,"d_I=0.10, d_J=0.60",False,d_J (with d_I fixed at 0.10),0.6,200,0.1,0.1,0.6,Providers search,Customers search,False,100,12.985999999999999,2.02831061215829,10.66675,12.692499999999999,15.49875,1.0,0.0,1.0,1.0,1.0,1.0,0.0,10.019775000109803,0.202831061215829,12.588451120016973,13.383548879983024,1.0,1.0,1.0,1.0
airbnb,Airbnb / short-term rentals,airbnb_dj_0.80,"d_I=0.10, d_J=0.80",True,d_J (with d_I fixed at 0.10),0.8,25,0.1,0.1,0.8,Both sides search,Customers search,False,100,2.4564,0.5165259241345301,1.598,2.46,3.3619999999999997,1.0,8.856515911953196e-17,0.9999999999999999,1.0,1.0000000000000002,1.0,0.0,0.22799699916504323,0.05165259241345301,2.355160918869632,2.5576390811303678,1.0,1.0,1.0,1.0
airbnb,Airbnb / short-term rentals,airbnb_dj_0.80,"d_I=0.10, d_J=0.80",True,d_J (with d_I fixed at 0.10),0.8,25,0.1,0.1,0.8,Centralized matching,Customers search,False,100,25.0,0.0,25.0,25.0,25.0,0.8658237897810731,0.044346198568104206,0.8108108108108107,0.8695652173913043,0.9256719216612266,0.7964,0.06204462388906355,0.38608399918302894,0.0,25.0,25.0,0.8571319348617247,0.8745156447004215,0.7842392537177435,0.8085607462822565
airbnb,Airbnb / short-term rentals,airbnb_dj_0.80,"d_I=0.10, d_J=0.80",True,d_J (with d_I fixed at 0.10),0.8,25,0.1,0.1,0.8,Customers search,Customers search,False,100,2.4564,0.5165259241345301,1.598,2.46,3.3619999999999997,1.0,8.856515911953196e-17,0.9999999999999999,1.0,1.0000000000000002,1.0,0.0,0.2429069989011623,0.05165259241345301,2.355160918869632,2.5576390811303678,1.0,1.0,1.0,1.0
airbnb,Airbnb / short-term rentals,airbnb_dj_0.80,"d_I=0.10, d_J=0.80",True,d_J (with d_I fixed at 0.10),0.8,25,0.1,0.1,0.8,Providers search,Customers search,False,100,12.601600000000001,1.759714577407198,9.592,12.719999999999999,15.244,0.9994928304019213,0.0028987878393967274,0.9999999999999999,1.0,1.0000000000000002,1.0,0.0,1.0025790001964197,0.17597145774071982,12.256695942828191,12.946504057171811,0.9989246679853995,1.000060992818443,1.0,1.0
airbnb,Airbnb / short-term rentals,airbnb_dj_0.80,"d_I=0.10, d_J=0.80",True,d_J (with d_I fixed at 0.10),0.8,50,0.1,0.1,0.8,Both sides search,Customers search,False,100,2.7974,0.9423446151686621,1.679,2.49,4.343999999999999,0.9999180327868852,0.00081967213114756,1.0,1.0,1.0,1.0,0.0,0.4993440004182048,0.09423446151686621,2.612700455426942,2.982099544573058,0.9997573770491802,1.00007868852459,1.0,1.0
airbnb,Airbnb / short-term rentals,airbnb_dj_0.80,"d_I=0.10, d_J=0.80",True,d_J (with d_I fixed at 0.10),0.8,50,0.1,0.1,0.8,Centralized matching,Customers search,False,100,50.0,0.0,50.0,50.0,50.0,0.9820604452167413,0.01163038517736219,0.9631147540983606,0.9817564909520062,1.0,0.9702,0.018530891489454547,0.7815539991133846,0.0,50.0,50.0,0.9797808897219783,0.9843400007115043,0.9665679452680669,0.973832054731933
airbnb,Airbnb / short-term rentals,airbnb_dj_0.80,"d_I=0.10, d_J=0.80",True,d_J (with d_I fixed at 0.10),0.8,50,0.1,0.1,0.8,Customers search,Customers search,False,100,2.7974,0.9423446151686621,1.679,2.49,4.343999999999999,0.9999180327868852,0.00081967213114756,1.0,1.0,1.0,1.0,0.0,0.4941219976171851,0.09423446151686621,2.612700455426942,2.982099544573058,0.9997573770491802,1.00007868852459,1.0,1.0
airbnb,Airbnb / short-term rentals,airbnb_dj_0.80,"d_I=0.10, d_J=0.80",True,d_J (with d_I fixed at 0.10),0.8,50,0.1,0.1,0.8,Providers search,Customers search,False,100,18.0704,3.999111497279961,11.391,17.59,23.901,0.9997573983739838,0.0013864819552861837,1.0,1.0,1.0,1.0,0.0,2.957701997656841,0.3999111497279961,17.286574146533127,18.854225853466872,0.9994856479107477,1.00002914883722,1.0,1.0
airbnb,Airbnb / short-term rentals,airbnb_dj_0.80,"d_I=0.10, d_J=0.80",True,d_J (with d_I fixed at 0.10),0.8,100,0.1,0.1,0.8,Both sides search,Customers search,False,100,1.8021,0.6347946379131069,1.41,1.64,2.4915000000000003,1.0,0.0,1.0,1.0,1.0,1.0,0.0,0.6725590003770776,0.06347946379131068,1.6776802509690312,1.926519749030969,1.0,1.0,1.0,1.0
airbnb,Airbnb / short-term rentals,airbnb_dj_0.80,"d_I=0.10, d_J=0.80",True,d_J (with d_I fixed at 0.10),0.8,100,0.1,0.1,0.8,Centralized matching,Customers search,False,100,100.0,0.0,100.0,100.0,100.0,0.9997590361445784,0.0011864240094393518,1.0,1.0,1.0,0.9995999999999999,0.001969463855669321,1.7288740011281334,0.0,100.0,100.0,0.9995264970387283,0.9999915752504285,0.9992139850842887,0.9999860149157112
airbnb,Airbnb / short-term rentals,airbnb_dj_0.80,"d_I=0.10, d_J=0.80",True,d_J (with d_I fixed at 0.10),0.8,100,0.1,0.1,0.8,Customers search,Customers search,False,100,1.8021,0.6347946379131069,1.41,1.64,2.4915000000000003,1.0,0.0,1.0,1.0,1.0,1.0,0.0,0.6401940016075969,0.06347946379131068,1.6776802509690312,1.926519749030969,1.0,1.0,1.0,1.0
airbnb,Airbnb / short-term rentals,airbnb_dj_0.80,"d_I=0.10, d_J=0.80",True,d_J (with d_I fixed at 0.10),0.8,100,0.1,0.1,0.8,Providers search,Customers search,False,100,13.4386,1.7896961087335916,10.597,13.26,16.3205,1.0,0.0,1.0,1.0,1.0,1.0,0.0,4.5946049998747185,0.17896961087335916,13.087819562688216,13.789380437311783,1.0,1.0,1.0,1.0
airbnb,Airbnb / short-term rentals,airbnb_dj_0.80,"d_I=0.10, d_J=0.80",True,d_J (with d_I fixed at 0.10),0.8,150,0.1,0.1,0.8,Both sides search,Customers search,False,100,1.5441999999999998,0.1339167538797777,1.3263333333333334,1.5266666666666666,1.7733333333333334,1.0,0.0,1.0,1.0,1.0,1.0,0.0,0.8845279974048026,0.01339167538797777,1.5179523162395634,1.5704476837604362,1.0,1.0,1.0,1.0
airbnb,Airbnb / short-term rentals,airbnb_dj_0.80,"d_I=0.10, d_J=0.80",True,d_J (with d_I fixed at 0.10),0.8,150,0.1,0.1,0.8,Centralized matching,Customers search,False,100,150.0,0.0,150.0,150.0,150.0,1.0,0.0,1.0,1.0,1.0,1.0,0.0,2.769101000158116,0.0,150.0,150.0,1.0,1.0,1.0,1.0
airbnb,Airbnb / short-term rentals,airbnb_dj_0.80,"d_I=0.10, d_J=0.80",True,d_J (with d_I fixed at 0.10),0.8,150,0.1,0.1,0.8,Customers search,Customers search,False,100,1.5441999999999998,0.1339167538797777,1.3263333333333334,1.5266666666666666,1.7733333333333334,1.0,0.0,1.0,1.0,1.0,1.0,0.0,0.853938001091592,0.01339167538797777,1.5179523162395634,1.5704476837604362,1.0,1.0,1.0,1.0
airbnb,Airbnb / short-term rentals,airbnb_dj_0.80,"d_I=0.10, d_J=0.80",True,d_J (with d_I fixed at 0.10),0.8,150,0.1,0.1,0.8,Providers search,Customers search,False,100,12.566933333333333,1.6594101747145364,10.219000000000001,12.346666666666666,15.783999999999999,1.0,0.0,1.0,1.0,1.0,1.0,0.0,6.827852999558672,0.16594101747145365,12.241688939089284,12.892177727577382,1.0,1.0,1.0,1.0
airbnb,Airbnb / short-term rentals,airbnb_dj_0.80,"d_I=0.10, d_J=0.80",True,d_J (with d_I fixed at 0.10),0.8,200,0.1,0.1,0.8,Both sides search,Customers search,True,100,1.4872,0.10973181264825033,1.3145,1.48,1.665,1.0,0.0,1.0,1.0,1.0,1.0,0.0,1.2203720019897446,0.010973181264825032,1.4656925647209431,1.508707435279057,1.0,1.0,1.0,1.0
airbnb,Airbnb / short-term rentals,airbnb_dj_0.80,"d_I=0.10, d_J=0.80",True,d_J (with d_I fixed at 0.10),0.8,200,0.1,0.1,0.8,Centralized matching,Customers search,True,100,199.0,0.0,199.0,199.0,199.0,1.0,0.0,1.0,1.0,1.0,1.0,0.0,4.103851001418661,0.0,199.0,199.0,1.0,1.0,1.0,1.0
airbnb,Airbnb / short-term rentals,airbnb_dj_0.80,"d_I=0.10, d_J=0.80",True,d_J (with d_I fixed at 0.10),0.8,200,0.1,0.1,0.8,Customers search,Customers search,True,100,1.4872,0.10973181264825033,1.3145,1.48,1.665,1.0,0.0,1.0,1.0,1.0,1.0,0.0,1.1863729995093308,0.010973181264825032,1.4656925647209431,1.508707435279057,1.0,1.0,1.0,1.0
airbnb,Airbnb / short-term rentals,airbnb_dj_0.80,"d_I=0.10, d_J=0.80",True,d_J (with d_I fixed at 0.10),0.8,200,0.1,0.1,0.8,Providers search,Customers search,True,100,11.781749999999999,1.1041748999121286,10.22625,11.6675,13.99025,1.0,0.0,1.0,1.0,1.0,1.0,0.0,9.05469400138827,0.11041748999121286,11.565331719617221,11.998168280382776,1.0,1.0,1.0,1.0
airbnb,Airbnb / short-term rentals,airbnb_dj_1.00,"d_I=0.10, d_J=1.00",False,d_J (with d_I fixed at 0.10),1.0,25,0.1,0.1,1.0,Both sides search,Customers search,False,100,2.0404,0.6227081940600229,1.28,1.88,3.1639999999999997,1.0,1.0760541004851906e-16,0.9999999999999999,1.0,1.0000000000000002,1.0,0.0,0.19616100064013153,0.062270819406002285,1.9183491939642354,2.1624508060357646,1.0,1.0,1.0,1.0
airbnb,Airbnb / short-term rentals,airbnb_dj_1.00,"d_I=0.10, d_J=1.00",False,d_J (with d_I fixed at 0.10),1.0,25,0.1,0.1,1.0,Centralized matching,Customers search,False,100,25.0,0.0,25.0,25.0,25.0,0.9188316880559014,0.04079409520900982,0.84070796460177,0.9243697478991596,0.975609756097561,0.8732000000000001,0.060182886254979466,0.38076299970271066,0.0,25.0,25.0,0.9108360453949355,0.9268273307168674,0.8614041542940241,0.8849958457059761
airbnb,Airbnb / short-term rentals,airbnb_dj_1.00,"d_I=0.10, d_J=1.00",False,d_J (with d_I fixed at 0.10),1.0,25,0.1,0.1,1.0,Customers search,Customers search,False,100,2.0404,0.6227081940600229,1.28,1.88,3.1639999999999997,1.0,1.0760541004851906e-16,0.9999999999999999,1.0,1.0000000000000002,1.0,0.0,0.1964020007289946,0.062270819406002285,1.9183491939642354,2.1624508060357646,1.0,1.0,1.0,1.0
airbnb,Airbnb / short-term rentals,airbnb_dj_1.00,"d_I=0.10, d_J=1.00",False,d_J (with d_I fixed at 0.10),1.0,25,0.1,0.1,1.0,Providers search,Customers search,False,100,13.7668,2.6700950991273404,9.798,13.92,17.426,0.9994954181036149,0.0028847491589243214,0.9999999999999999,1.0,1.0000000000000002,1.0,0.0,1.0939460000372492,0.26700950991273403,13.243461360571041,14.290138639428958,0.9989300072684657,1.000060828938764,1.0,1.0
airbnb,Airbnb / short-term rentals,airbnb_dj_1.00,"d_I=0.10, d_J=1.00",False,d_J (with d_I fixed at 0.10),1.0,50,0.1,0.1,1.0,Both sides search,Customers search,False,100,2.0398,0.9425625719389679,1.22,1.6,4.06,1.0,0.0,1.0,1.0,1.0,1.0,0.0,0.3879620003863238,0.09425625719389678,1.8550577358999623,2.224542264100038,1.0,1.0,1.0,1.0
airbnb,Airbnb / short-term rentals,airbnb_dj_1.00,"d_I=0.10, d_J=1.00",False,d_J (with d_I fixed at 0.10),1.0,50,0.1,0.1,1.0,Centralized matching,Customers search,False,100,50.0,0.0,50.0,50.0,50.0,0.9939338619390954,0.008022468674494309,0.975609756097561,1.0,1.0,0.99,0.013180947376322168,0.776889001717791,0.0,50.0,50.0,0.9923614580788945,0.9955062657992962,0.9874165343142408,0.9925834656857592
airbnb,Airbnb / short-term rentals,airbnb_dj_1.00,"d_I=0.10, d_J=1.00",False,d_J (with d_I fixed at 0.10),1.0,50,0.1,0.1,1.0,Customers search,Customers search,False,100,2.0398,0.9425625719389679,1.22,1.6,4.06,1.0,0.0,1.0,1.0,1.0,1.0,0.0,0.36639800120610744,0.09425625719389678,1.8550577358999623,2.224542264100038,1.0,1.0,1.0,1.0
airbnb,Airbnb / short-term rentals,airbnb_dj_1.00,"d_I=0.10, d_J=1.00",False,d_J (with d_I fixed at 0.10),1.0,50,0.1,0.1,1.0,Providers search,Customers search,False,100,16.5076,5.111171191566072,10.334,15.530000000000001,26.361,1.0,0.0,1.0,1.0,1.0,1.0,0.0,2.6825650010141544,0.5111171191566072,15.50581044645305,17.50938955354695,1.0,1.0,1.0,1.0
airbnb,Airbnb / short-term rentals,airbnb_dj_1.00,"d_I=0.10, d_J=1.00",False,d_J (with d_I fixed at 0.10),1.0,100,0.1,0.1,1.0,Both sides search,Customers search,False,100,1.3147,0.328604195304499,1.15,1.26,1.5314999999999999,1.0,0.0,1.0,1.0,1.0,1.0,0.0,0.5029709992231801,0.0328604195304499,1.2502935777203181,1.3791064222796818,1.0,1.0,1.0,1.0
airbnb,Airbnb / short-term rentals,airbnb_dj_1.00,"d_I=0.10, d_J=1.00",False,d_J (with d_I fixed at 0.10),1.0,100,0.1,0.1,1.0,Centralized matching,Customers search,False,100,100.0,0.0,100.0,100.0,100.0,0.9999397590361445,0.0006024096385542087,1.0,1.0,1.0,0.9998999999999999,0.0010000000000000072,1.6909050004323944,0.0,100.0,100.0,0.9998216867469879,1.0000578313253012,0.9997039999999999,1.0000959999999999
airbnb,Airbnb / short-term rentals,airbnb_dj_1.00,"d_I=0.10, d_J=1.00",False,d_J (with d_I fixed at 0.10),1.0,100,0.1,0.1,1.0,Customers search,Customers search,False,100,1.3147,0.328604195304499,1.15,1.26,1.5314999999999999,1.0,0.0,1.0,1.0,1.0,1.0,0.0,0.4920159972971305,0.0328604195304499,1.2502935777203181,1.3791064222796818,1.0,1.0,1.0,1.0
airbnb,Airbnb / short-term rentals,airbnb_dj_1.00,"d_I=0.10, d_J=1.00",False,d_J (with d_I fixed at 0.10),1.0,100,0.1,0.1,1.0,Providers search,Customers search,False,100,12.9553,1.8429661286944892,10.3185,12.870000000000001,16.368,1.0,0.0,1.0,1.0,1.0,1.0,0.0,4.463005002762657,0.18429661286944893,12.59407863877588,13.316521361224119,1.0,1.0,1.0,1.0
airbnb,Airbnb / short-term rentals,airbnb_dj_1.00,"d_I=0.10, d_J=1.00",False,d_J (with d_I fixed at 0.10),1.0,150,0.1,0.1,1.0,Both sides search,Customers search,False,100,1.1900666666666666,0.0853565572353712,1.0866666666666667,1.1733333333333333,1.3476666666666666,1.0,0.0,1.0,1.0,1.0,1.0,0.0,0.7135700000799261,0.008535655723537119,1.1733367814485338,1.2067965518847994,1.0,1.0,1.0,1.0
airbnb,Airbnb / short-term rentals,airbnb_dj_1.00,"d_I=0.10, d_J=1.00",False,d_J (with d_I fixed at 0.10),1.0,150,0.1,0.1,1.0,Centralized matching,Customers search,False,100,150.0,0.0,150.0,150.0,150.0,1.0,0.0,1.0,1.0,1.0,1.0,0.0,2.777706000197213,0.0,150.0,150.0,1.0,1.0,1.0,1.0
airbnb,Airbnb / short-term rentals,airbnb_dj_1.00,"d_I=0.10, d_J=1.00",False,d_J (with d_I fixed at 0.10),1.0,150,0.1,0.1,1.0,Customers search,Customers search,False,100,1.1900666666666666,0.0853565572353712,1.0866666666666667,1.1733333333333333,1.3476666666666666,1.0,0.0,1.0,1.0,1.0,1.0,0.0,0.6858779984759167,0.008535655723537119,1.1733367814485338,1.2067965518847994,1.0,1.0,1.0,1.0
airbnb,Airbnb / short-term rentals,airbnb_dj_1.00,"d_I=0.10, d_J=1.00",False,d_J (with d_I fixed at 0.10),1.0,150,0.1,0.1,1.0,Providers search,Customers search,False,100,11.859466666666668,1.3046489196682263,10.003333333333332,11.716666666666667,14.249333333333333,1.0,0.0,1.0,1.0,1.0,1.0,0.0,6.4515019982354715,0.13046489196682262,11.603755478411696,12.11517785492164,1.0,1.0,1.0,1.0
airbnb,Airbnb / short-term rentals,airbnb_dj_1.00,"d_I=0.10, d_J=1.00",False,d_J (with d_I fixed at 0.10),1.0,200,0.1,0.1,1.0,Both sides search,Customers search,True,100,1.1218000000000001,0.05057507670620366,1.05975,1.115,1.2109999999999999,1.0,0.0,1.0,1.0,1.0,1.0,0.0,0.9765619985410012,0.005057507670620366,1.1118872849655843,1.131712715034416,1.0,1.0,1.0,1.0
airbnb,Airbnb / short-term rentals,airbnb_dj_1.00,"d_I=0.10, d_J=1.00",False,d_J (with d_I fixed at 0.10),1.0,200,0.1,0.1,1.0,Centralized matching,Customers search,True,100,159.0,0.0,159.0,159.0,159.0,1.0,0.0,1.0,1.0,1.0,1.0,0.0,4.230458001547959,0.0,159.0,159.0,1.0,1.0,1.0,1.0
airbnb,Airbnb / short-term rentals,airbnb_dj_1.00,"d_I=0.10, d_J=1.00",False,d_J (with d_I fixed at 0.10),1.0,200,0.1,0.1,1.0,Customers search,Customers search,True,100,1.1218000000000001,0.05057507670620366,1.05975,1.115,1.2109999999999999,1.0,0.0,1.0,1.0,1.0,1.0,0.0,0.9206749987788498,0.005057507670620366,1.1118872849655843,1.131712715034416,1.0,1.0,1.0,1.0
airbnb,Airbnb / short-term rentals,airbnb_dj_1.00,"d_I=0.10, d_J=1.00",False,d_J (with d_I fixed at 0.10),1.0,200,0.1,0.1,1.0,Providers search,Customers search,True,100,11.271700000000001,0.9565466137321403,9.944,11.092500000000001,13.024999999999999,1.0,0.0,1.0,1.0,1.0,1.0,0.0,8.67247899848735,0.09565466137321403,11.084216863708502,11.4591831362915,1.0,1.0,1.0,1.0
care,Care.com / childcare,care_d_0.02,d_I=d_J=0.02,True,common density d_I = d_J,0.02,25,0.1,0.02,0.02,Both sides search,Both sides search,False,100,2.14,0.3656128105971223,1.678,2.06,2.88,1.0,1.1542091725752957e-16,1.0,1.0,1.0000000000000002,1.0,0.0,0.20112300087930635,0.03656128105971223,2.068339889122964,2.211660110877036,1.0,1.0,1.0,1.0
care,Care.com / childcare,care_d_0.02,d_I=d_J=0.02,True,common density d_I = d_J,0.02,25,0.1,0.02,0.02,Centralized matching,Both sides search,False,100,25.0,0.0,25.0,25.0,25.0,0.02417654860862122,0.04296223510258969,0.0,0.0,0.09803921568627455,0.0104,0.018527620658701085,0.44338999985484406,0.0,25.0,25.0,0.01575595052851364,0.0325971466887288,0.006768586350894588,0.014031413649105411
care,Care.com / childcare,care_d_0.02,d_I=d_J=0.02,True,common density d_I = d_J,0.02,25,0.1,0.02,0.02,Customers search,Both sides search,False,100,17.2728,1.9805713286521112,13.838,17.44,20.4,0.9969246546986942,0.01050546254750686,0.9622641509433962,1.0,1.0000000000000002,1.0,0.0,1.5487280004890636,0.19805713286521112,16.884608019584185,17.660991980415815,0.9948655840393829,0.9989837253580055,1.0,1.0
care,Care.com / childcare,care_d_0.02,d_I=d_J=0.02,True,common density d_I = d_J,0.02,25,0.1,0.02,0.02,Providers search,Both sides search,False,100,17.4108,1.7941755823224275,14.517999999999999,17.54,20.2,1.0,1.0818238689255901e-16,1.0,1.0,1.0000000000000002,1.0,0.0,1.622842000797391,0.17941755823224276,17.059141585864804,17.762458414135192,1.0,1.0,1.0,1.0
care,Care.com / childcare,care_d_0.02,d_I=d_J=0.02,True,common density d_I = d_J,0.02,50,0.1,0.02,0.02,Both sides search,Both sides search,False,100,3.1182,0.40327041833369115,2.617,3.0700000000000003,3.8209999999999997,0.9994072447573804,0.002918942281415381,1.0,1.0,1.0000000000000002,1.0,0.0,0.43720799818402156,0.04032704183336912,3.0391589980065965,3.197241001993403,0.998835132070223,0.9999793574445378,1.0,1.0
care,Care.com / childcare,care_d_0.02,d_I=d_J=0.02,True,common density d_I = d_J,0.02,50,0.1,0.02,0.02,Centralized matching,Both sides search,False,100,50.0,0.0,50.0,50.0,50.0,0.0404889178217514,0.037434000269164595,0.0,0.03846153846153845,0.11037642669007897,0.021400000000000002,0.020151948047298307,0.8359289975487627,0.0,50.0,50.0,0.03315185376899514,0.047825981874507664,0.017450218182729536,0.02534978181727047
care,Care.com / childcare,care_d_0.02,d_I=d_J=0.02,True,common density d_I = d_J,0.02,50,0.1,0.02,0.02,Customers search,Both sides search,False,100,24.055999999999997,2.613310142135812,20.46,23.89,28.278000000000002,0.9913783496722733,0.011752031302479312,0.9705436720142602,1.0,1.0000000000000002,1.0,0.0,4.040325999958441,0.2613310142135812,23.54379121214138,24.568208787858616,0.9890749515369874,0.9936817478075592,1.0,1.0
care,Care.com / childcare,care_d_0.02,d_I=d_J=0.02,True,common density d_I = d_J,0.02,50,0.1,0.02,0.02,Providers search,Both sides search,False,100,26.2764,3.43974203871879,19.704,26.75,30.941000000000003,0.9969821799161467,0.00607043209916975,0.9843750000000001,1.0,1.0000000000000002,1.0,0.0,4.704853999719489,0.343974203871879,25.602210560411116,26.95058943958888,0.9957923752247094,0.9981719846075839,1.0,1.0
care,Care.com / childcare,care_d_0.02,d_I=d_J=0.02,True,common density d_I = d_J,0.02,100,0.1,0.02,0.02,Both sides search,Both sides search,False,100,4.5723,0.6295594980747743,3.6585,4.475,5.695,0.9986686548176873,0.003137724436078542,0.9932409450266592,1.0,1.0,1.0,0.0,1.3082910003140569,0.06295594980747743,4.448906338377345,4.695693661622656,0.9980536608282159,0.9992836488071587,1.0,1.0
care,Care.com / childcare,care_d_0.02,d_I=d_J=0.02,True,common density d_I = d_J,0.02,100,0.1,0.02,0.02,Centralized matching,Both sides search,False,100,100.0,0.0,100.0,100.0,100.0,0.06291375478129702,0.028658270063024002,0.016891891891891865,0.06578947368421043,0.1144167096663225,0.038000000000000006,0.01769551675231083,2.168848999135662,0.0,100.0,100.0,0.05729673384894431,0.06853077571364972,0.03453167871654708,0.04146832128345293
care,Care.com / childcare,care_d_0.02,d_I=d_J=0.02,True,common density d_I = d_J,0.02,100,0.1,0.02,0.02,Customers search,Both sides search,False,100,28.384,4.241821125960695,19.657,28.485,34.7375,0.9869646372728503,0.008222750463676353,0.9733333333333335,0.9867985360752876,0.9999999999999999,1.0,0.0,11.828440000244882,0.4241821125960695,27.552603059311704,29.215396940688297,0.9853529781819698,0.9885762963637309,1.0,1.0
care,Care.com / childcare,care_d_0.02,d_I=d_J=0.02,True,common density d_I = d_J,0.02,100,0.1,0.02,0.02,Providers search,Both sides search,False,100,33.9414,5.724047804895351,24.163,34.394999999999996,42.566500000000005,0.9940882736665168,0.00556336046105704,0.9865726464719753,0.9933992680376438,1.0,1.0,0.0,15.333976001420524,0.5724047804895351,32.81948663024051,35.06331336975949,0.9929978550161496,0.9951786923168839,1.0,1.0
care,Care.com / childcare,care_d_0.02,d_I=d_J=0.02,True,common density d_I = d_J,0.02,150,0.1,0.02,0.02,Both sides search,Both sides search,False,100,5.652666666666667,0.8190183278317738,4.678333333333333,5.383333333333333,7.321000000000001,0.9998298878591417,0.0008377756492349375,0.9999999999999999,1.0,1.0000000000000002,1.0,0.0,1.6414759997860529,0.08190183278317738,5.492139074411639,5.813194258921694,0.9996656838318917,0.9999940918863918,1.0,1.0
care,Care.com / childcare,care_d_0.02,d_I=d_J=0.02,True,common density d_I = d_J,0.02,150,0.1,0.02,0.02,Centralized matching,Both sides search,False,100,150.0,0.0,150.0,150.0,150.0,0.08835218046873101,0.026579345069936314,0.043859649122807084,0.08620689655172425,0.12717296827466343,0.054933333333333334,0.01719029298294553,2.7726680008345284,0.0,150.0,150.0,0.08314262883502349,0.09356173210243854,0.05156403590867601,0.05830263075799066
care,Care.com / childcare,care_d_0.02,d_I=d_J=0.02,True,common density d_I = d_J,0.02,150,0.1,0.02,0.02,Customers search,Both sides search,False,100,22.62786666666667,3.842525518638971,16.368666666666666,22.82333333333333,28.29466666666666,0.9973753534253917,0.0032917316946309587,0.9913401091661959,0.9999999999999999,1.0,1.0,0.0,11.799518998886924,0.3842525518638971,21.87473166501343,23.381001668319907,0.996730174013244,0.9980205328375394,1.0,1.0
care,Care.com / childcare,care_d_0.02,d_I=d_J=0.02,True,common density d_I = d_J,0.02,150,0.1,0.02,0.02,Providers search,Both sides search,False,100,27.935066666666668,6.7740714237687945,17.583666666666666,28.009999999999998,38.78633333333333,0.9993121454326981,0.0015840845848894636,0.9956709956709957,1.0,1.0000000000000002,1.0,0.0,16.08439499832457,0.6774071423768795,26.607348667607983,29.262784665725352,0.9990016648540597,0.9996226260113364,1.0,1.0
care,Care.com / childcare,care_d_0.02,d_I=d_J=0.02,True,common density d_I = d_J,0.02,200,0.1,0.02,0.02,Both sides search,Both sides search,False,100,6.215800000000001,0.5911654812847471,5.6485,6.025,7.695,1.0,5.579080615598709e-17,0.9999999999999999,1.0,1.0,1.0,0.0,1.9418699998641387,0.05911654812847471,6.09993156566819,6.331668434331811,1.0,1.0,1.0,1.0
care,Care.com / childcare,care_d_0.02,d_I=d_J=0.02,True,common density d_I = d_J,0.02,200,0.1,0.02,0.02,Centralized matching,Both sides search,False,100,200.0,0.0,200.0,200.0,200.0,0.11726368037355309,0.02869089499379341,0.07243208627178166,0.11904761904761944,0.16355140186915937,0.07400000000000001,0.018989630344113086,4.078556998865679,0.0,200.0,200.0,0.11164026495476959,0.12288709579233659,0.07027803245255385,0.07772196754744617
care,Care.com / childcare,care_d_0.02,d_I=d_J=0.02,True,common density d_I = d_J,0.02,200,0.1,0.02,0.02,Customers search,Both sides search,False,100,15.6648,3.2514017893763287,10.7255,15.182500000000001,21.6315,0.9993648826052975,0.0012767541016149243,0.9968045998197755,1.0,1.0,1.0,0.0,11.216701000521425,0.32514017893763286,15.02752524928224,16.30207475071776,0.9991146388013811,0.999615126409214,1.0,1.0
care,Care.com / childcare,care_d_0.02,d_I=d_J=0.02,True,common density d_I = d_J,0.02,200,0.1,0.02,0.02,Providers search,Both sides search,False,100,20.3207,5.225202041427429,13.13625,20.6075,29.91475,0.9997781643884501,0.0008126858471209517,0.9968548499097275,1.0,1.0,1.0,0.0,15.927757000899874,0.5225202041427429,19.29656039988022,21.344839600119776,0.9996188779624144,0.9999374508144858,1.0,1.0
care,Care.com / childcare,care_d_0.05,d_I=d_J=0.05,False,common density d_I = d_J,0.05,25,0.1,0.05,0.05,Both sides search,Both sides search,False,100,3.6228000000000002,0.6201011321884634,2.796,3.6,4.84,0.9997101449275363,0.0028985507246376938,1.0,1.0,1.0000000000000002,1.0,0.0,0.2782469999510795,0.06201011321884634,3.5012601780910613,3.744339821908939,0.9991420289855073,1.0002782608695653,1.0,1.0
care,Care.com / childcare,care_d_0.05,d_I=d_J=0.05,False,common density d_I = d_J,0.05,25,0.1,0.05,0.05,Centralized matching,Both sides search,False,100,25.0,0.0,25.0,25.0,25.0,0.10593054860416469,0.07343153111432729,0.0,0.07462686567164184,0.21771576898118114,0.0604,0.04273290313214175,0.4543599995668046,0.0,25.0,25.0,0.09153796850575655,0.12032312870257283,0.05202435098610022,0.06877564901389979
care,Care.com / childcare,care_d_0.05,d_I=d_J=0.05,False,common density d_I = d_J,0.05,25,0.1,0.05,0.05,Customers search,Both sides search,False,100,11.701199999999998,1.968499033386718,8.142,11.96,14.442,0.9924876986166028,0.014042017321824758,0.9701492537313434,1.0,1.0000000000000002,1.0,0.0,1.0933999987901188,0.1968499033386718,11.315374189456202,12.087025810543794,0.9897354632215252,0.9952399340116804,1.0,1.0
care,Care.com / childcare,care_d_0.05,d_I=d_J=0.05,False,common density d_I = d_J,0.05,25,0.1,0.05,0.05,Providers search,Both sides search,False,100,12.47,2.296420578802471,8.234,12.84,15.844,0.9977439339594882,0.0076937065559555965,0.9718309859154929,1.0,1.0000000000000002,1.0,0.0,1.2075510001159273,0.2296420578802471,12.019901566554717,12.920098433445284,0.9962359674745209,0.9992519004444556,1.0,1.0
care,Care.com / childcare,care_d_0.05,d_I=d_J=0.05,False,common density d_I = d_J,0.05,50,0.1,0.05,0.05,Both sides search,Both sides search,False,100,4.9562,0.7302397281756593,4.04,4.75,6.148999999999999,0.9993698875546384,0.0027613452953690423,0.9993902439024388,1.0,1.0000000000000002,1.0,0.0,0.5035200016573071,0.07302397281756592,4.81307301327757,5.09932698672243,0.9988286638767461,0.9999111112325307,1.0,1.0
care,Care.com / childcare,care_d_0.05,d_I=d_J=0.05,False,common density d_I = d_J,0.05,50,0.1,0.05,0.05,Centralized matching,Both sides search,False,100,50.0,0.0,50.0,50.0,50.0,0.16010162281018014,0.05741416295228984,0.06493506493506489,0.1582278481012657,0.24405299608551626,0.1024,0.03858926422117055,0.8313980026287027,0.0,50.0,50.0,0.14884844687153134,0.17135479874882895,0.09483650421265058,0.10996349578734943
care,Care.com / childcare,care_d_0.05,d_I=d_J=0.05,False,common density d_I = d_J,0.05,50,0.1,0.05,0.05,Customers search,Both sides search,False,100,11.728,2.593137797411398,7.807,11.39,16.688,0.9932413383764667,0.008779794082560083,0.9756097560975608,1.0,1.0,1.0,0.0,2.0911159992101602,0.2593137797411398,11.219744991707366,12.236255008292634,0.9915204987362849,0.9949621780166484,1.0,1.0
care,Care.com / childcare,care_d_0.05,d_I=d_J=0.05,False,common density d_I = d_J,0.05,50,0.1,0.05,0.05,Providers search,Both sides search,False,100,13.923599999999999,3.499729721165925,8.131,14.46,19.137,0.997361138811738,0.005719557872944386,0.9870129870129871,1.0,1.0,1.0,0.0,2.575183999433648,0.3499729721165925,13.237652974651477,14.60954702534852,0.996240105468641,0.9984821721548351,1.0,1.0
care,Care.com / childcare,care_d_0.05,d_I=d_J=0.05,False,common density d_I = d_J,0.05,100,0.1,0.05,0.05,Both sides search,Both sides search,False,100,6.99,0.510907293573171,6.398000000000001,6.885,7.95,1.0,1.242520249155451e-16,0.9999999999999998,1.0,1.0,1.0,0.0,1.0463029993115924,0.0510907293573171,6.889862170459659,7.090137829540342,1.0,1.0,1.0,1.0
care,Care.com / childcare,care_d_0.05,d_I=d_J=0.05,False,common density d_I = d_J,0.05,100,0.1,0.05,0.05,Centralized matching,Both sides search,False,100,100.0,0.0,100.0,100.0,100.0,0.2920618057670669,0.048398338859902655,0.21341463414634126,0.2941176470588234,0.36992006933744204,0.19920000000000002,0.037218437920097096,2.165597002604045,0.0,100.0,100.0,0.282575731350526,0.30154788018360784,0.19190518616766097,0.20649481383233906
care,Care.com / childcare,care_d_0.05,d_I=d_J=0.05,False,common density d_I = d_J,0.05,100,0.1,0.05,0.05,Customers search,Both sides search,False,100,8.6129,1.69533959829155,6.5280000000000005,8.355,11.453999999999997,0.9998233729547289,0.001009857383177241,0.9999999999999998,1.0,1.0,1.0,0.0,3.623039001831785,0.169533959829155,8.280613438734855,8.945186561265144,0.9996254409076262,1.0000213050018316,1.0,1.0
care,Care.com / childcare,care_d_0.05,d_I=d_J=0.05,False,common density d_I = d_J,0.05,100,0.1,0.05,0.05,Providers search,Both sides search,False,100,9.818,2.1837540654070495,6.6765,9.33,13.9065,0.9999428571428571,0.0005714285714285476,0.9999999999999998,1.0,1.0000000000000002,1.0,0.0,4.508458997879643,0.21837540654070495,9.389984203180218,10.246015796819782,0.9998308571428571,1.0000548571428571,1.0,1.0
care,Care.com / childcare,care_d_0.05,d_I=d_J=0.05,False,common density d_I = d_J,0.05,150,0.1,0.05,0.05,Both sides search,Both sides search,False,100,9.3524,0.2914602270860707,8.926,9.353333333333333,9.822333333333333,1.0,1.2223153213212885e-16,0.9999999999999998,0.9999999999999999,1.0,1.0,0.0,1.172280999890063,0.029146022708607073,9.295273795491129,9.40952620450887,1.0,1.0,1.0,1.0
care,Care.com / childcare,care_d_0.05,d_I=d_J=0.05,False,common density d_I = d_J,0.05,150,0.1,0.05,0.05,Centralized matching,Both sides search,False,100,150.0,0.0,150.0,150.0,150.0,0.3924828488385036,0.038482932528985644,0.32818532818532875,0.3932584269662926,0.45454545454545514,0.2799333333333333,0.032556538062190166,2.740538000361994,0.0,150.0,150.0,0.3849401940628224,0.40002550361418476,0.273552251873144,0.2863144147935226
care,Care.com / childcare,care_d_0.05,d_I=d_J=0.05,False,common density d_I = d_J,0.05,150,0.1,0.05,0.05,Customers search,Both sides search,False,100,8.7502,0.5871343827348643,8.012666666666666,8.760000000000002,9.660333333333334,1.0,9.727459440504585e-17,0.9999999999999999,1.0,1.0000000000000002,1.0,0.0,4.5100890001049265,0.05871343827348643,8.635121660983966,8.865278339016033,1.0,1.0,1.0,1.0
care,Care.com / childcare,care_d_0.05,d_I=d_J=0.05,False,common density d_I = d_J,0.05,150,0.1,0.05,0.05,Providers search,Both sides search,False,100,9.277666666666667,1.0958767226498565,8.012666666666666,9.066666666666666,11.856,1.0,1.0818238689255901e-16,0.9999999999999998,1.0,1.0000000000000002,1.0,0.0,5.28444700059481,0.10958767226498564,9.062874829027296,9.492458504306038,1.0,1.0,1.0,1.0
care,Care.com / childcare,care_d_0.05,d_I=d_J=0.05,False,common density d_I = d_J,0.05,200,0.1,0.05,0.05,Both sides search,Both sides search,False,100,11.749849999999999,0.26586285577494273,11.322999999999999,11.754999999999999,12.21025,0.9999999999999999,1.4419522136413992e-16,0.9999999999999997,0.9999999999999998,1.0,1.0,0.0,1.564874999166932,0.026586285577494272,11.69774088026811,11.801959119731887,0.9999999999999999,0.9999999999999999,1.0,1.0
care,Care.com / childcare,care_d_0.05,d_I=d_J=0.05,False,common density d_I = d_J,0.05,200,0.1,0.05,0.05,Centralized matching,Both sides search,False,100,200.0,0.0,200.0,200.0,200.0,0.46368164880219653,0.033478364088948824,0.39915966386554724,0.46195652173913165,0.5161347740503424,0.34204999999999997,0.03018541188900842,3.9858829995500855,0.0,200.0,200.0,0.45711988944076254,0.4702434081636305,0.3361336592697543,0.3479663407302456
care,Care.com / childcare,care_d_0.05,d_I=d_J=0.05,False,common density d_I = d_J,0.05,200,0.1,0.05,0.05,Customers search,Both sides search,False,100,10.19675,0.5305958985666563,9.462,10.1025,11.21525,0.999973404255319,0.0002659574468085156,0.9999999999999998,1.0,1.0,1.0,0.0,7.283961000794079,0.05305958985666563,10.092753203880935,10.300746796119064,0.9999212765957445,1.0000255319148934,1.0,1.0
care,Care.com / childcare,care_d_0.05,d_I=d_J=0.05,False,common density d_I = d_J,0.05,200,0.1,0.05,0.05,Providers search,Both sides search,False,100,10.385,0.8620869674191461,9.44925,10.145,12.187999999999997,0.9999728997289972,0.00027100271002710233,0.9999999999999998,1.0,1.0000000000000002,1.0,0.0,8.092678998655174,0.08620869674191461,10.216030954385847,10.553969045614153,0.9999197831978318,1.0000260162601624,1.0,1.0
care,Care.com / childcare,care_d_0.10,d_I=d_J=0.10,False,common density d_I = d_J,0.1,25,0.1,0.1,0.1,Both sides search,Both sides search,False,100,4.9908,0.9045761103378418,3.958,4.84,6.539999999999998,0.9997590361445784,0.002409638554216867,1.0,1.0,1.0,1.0,0.0,0.3074820004985668,0.09045761103378418,4.813503082373783,5.168096917626217,0.9992867469879518,1.000231325301205,1.0,1.0
care,Care.com / childcare,care_d_0.10,d_I=d_J=0.10,False,common density d_I = d_J,0.1,25,0.1,0.1,0.1,Centralized matching,Both sides search,False,100,25.0,0.0,25.0,25.0,25.0,0.30253410175946494,0.09849831434666945,0.12970573730067406,0.3012048192771085,0.45169156686010614,0.2048,0.07462336406680192,0.4821879995870404,0.0,25.0,25.0,0.2832284321475177,0.3218397713714122,0.19017382064290683,0.2194261793570932
care,Care.com / childcare,care_d_0.10,d_I=d_J=0.10,False,common density d_I = d_J,0.1,25,0.1,0.1,0.1,Customers search,Both sides search,False,100,7.9639999999999995,1.8129634203801148,4.958,7.8,10.962000000000002,0.9949987501072113,0.0097610145106955,0.9753086419753086,1.0,1.0,1.0,0.0,0.8294090020353906,0.18129634203801148,7.608659169605497,8.319340830394502,0.993085591263115,0.9969119089513075,1.0,1.0
care,Care.com / childcare,care_d_0.10,d_I=d_J=0.10,False,common density d_I = d_J,0.1,25,0.1,0.1,0.1,Providers search,Both sides search,False,100,8.4668,2.02628429407229,5.476000000000001,8.399999999999999,11.8,0.9985912542102509,0.00560949804005411,0.9775280898876405,1.0,1.0,1.0,0.0,0.8971729999757372,0.202628429407229,8.06964827836183,8.863951721638168,0.9974917925944002,0.9996907158261015,1.0,1.0
care,Care.com / childcare,care_d_0.10,d_I=d_J=0.10,False,common density d_I = d_J,0.1,50,0.1,0.1,0.1,Both sides search,Both sides search,False,100,7.1076,0.5013499352505768,6.34,7.07,7.9639999999999995,1.0,1.1379136370738026e-16,1.0,1.0,1.0000000000000002,1.0,0.0,0.43851900089066476,0.05013499352505768,7.009335412690887,7.2058645873091125,1.0,1.0,1.0,1.0
care,Care.com / childcare,care_d_0.10,d_I=d_J=0.10,False,common density d_I = d_J,0.1,50,0.1,0.1,0.1,Centralized matching,Both sides search,False,100,50.0,0.0,50.0,50.0,50.0,0.4636789632461813,0.06476169293354847,0.36931818181818166,0.4619565217391301,0.5867346938775506,0.3432,0.058583963745045514,0.8439730005920865,0.0,50.0,50.0,0.4509856714312058,0.47637225506115677,0.33171754310597107,0.35468245689402894
care,Care.com / childcare,care_d_0.10,d_I=d_J=0.10,False,common density d_I = d_J,0.1,50,0.1,0.1,0.1,Customers search,Both sides search,False,100,7.2738,1.3066317094891067,5.5569999999999995,7.1899999999999995,9.431,0.9993624255763035,0.002537142660635703,0.9898777246145666,1.0,1.0000000000000002,1.0,0.0,1.2822299997787923,0.13066317094891067,7.017700184940135,7.529899815059864,0.9988651456148189,0.9998597055377881,1.0,1.0
care,Care.com / childcare,care_d_0.10,d_I=d_J=0.10,False,common density d_I = d_J,0.1,50,0.1,0.1,0.1,Providers search,Both sides search,False,100,7.7756,1.462223517852731,5.8389999999999995,7.51,10.149000000000001,1.0,1.0467283057891834e-16,1.0,1.0,1.0000000000000002,1.0,0.0,1.4437080014613457,0.1462223517852731,7.489004190500864,8.062195809499135,1.0,1.0,1.0,1.0
care,Care.com / childcare,care_d_0.10,d_I=d_J=0.10,False,common density d_I = d_J,0.1,100,0.1,0.1,0.1,Both sides search,Both sides search,False,100,12.1077,0.3989350849702264,11.449,12.094999999999999,12.723,0.9999999999999999,1.8537329669870358e-16,0.9999999999999997,0.9999999999999998,1.0,1.0,0.0,1.1318789990036748,0.03989350849702264,12.029508723345835,12.185891276654164,0.9999999999999999,0.9999999999999999,1.0,1.0
care,Care.com / childcare,care_d_0.10,d_I=d_J=0.10,False,common density d_I = d_J,0.1,100,0.1,0.1,0.1,Centralized matching,Both sides search,False,100,100.0,0.0,100.0,100.0,100.0,0.6600977653744962,0.035500830428792755,0.6050943104514533,0.661764705882353,0.7142857142857143,0.5389,0.039180880721870114,2.209303002455272,0.0,100.0,100.0,0.6531396026104528,0.6670559281385395,0.5312205473785135,0.5465794526214866
care,Care.com / childcare,care_d_0.10,d_I=d_J=0.10,False,common density d_I = d_J,0.1,100,0.1,0.1,0.1,Customers search,Both sides search,False,100,9.2745,0.6989824855828038,8.233,9.22,10.5115,0.9998531662629178,0.000839181742157821,0.9999999999999997,1.0,1.0000000000000002,1.0,0.0,3.8215639980626293,0.06989824855828039,9.13749943282577,9.41150056717423,0.9996886866414548,1.0000176458843808,1.0,1.0
care,Care.com / childcare,care_d_0.10,d_I=d_J=0.10,False,common density d_I = d_J,0.1,100,0.1,0.1,0.1,Providers search,Both sides search,False,100,9.424199999999999,0.736822525675915,8.349499999999999,9.355,10.763,0.9998999899989998,0.0007036327272462211,0.9999999999999997,1.0,1.0000000000000002,1.0,0.0,4.298254001478199,0.0736822525675915,9.27978278496752,9.568617215032479,0.9997620779844595,1.00003790201354,1.0,1.0
care,Care.com / childcare,care_d_0.10,d_I=d_J=0.10,False,common density d_I = d_J,0.1,150,0.1,0.1,0.1,Both sides search,Both sides search,False,100,17.2264,0.38841000240252627,16.678666666666665,17.166666666666668,17.933666666666667,0.9999099987417734,0.0005143507158568658,0.9999999999999996,0.9999999999999998,1.0,1.0,0.0,1.4558870007749647,0.038841000240252624,17.150271639529105,17.302528360470898,0.9998091860014655,1.0000108114820814,1.0,1.0
care,Care.com / childcare,care_d_0.10,d_I=d_J=0.10,False,common density d_I = d_J,0.1,150,0.1,0.1,0.1,Centralized matching,Both sides search,False,100,150.0,0.0,150.0,150.0,150.0,0.7843240040086207,0.025304791181886464,0.7473897488317763,0.7850609756097566,0.8258928571428574,0.6862,0.03237345214895077,2.785630999424029,0.0,150.0,150.0,0.779364264936971,0.7892837430802704,0.6798548033788057,0.6925451966211944
care,Care.com / childcare,care_d_0.10,d_I=d_J=0.10,False,common density d_I = d_J,0.1,150,0.1,0.1,0.1,Customers search,Both sides search,False,100,11.986466666666667,0.7247191986881888,10.889333333333333,11.963333333333335,13.129666666666665,0.9993339988124038,0.0013988284811112292,0.996913102472958,0.9999999999999998,1.0,1.0,0.0,6.210247000853997,0.07247191986881887,11.844421703723782,12.128511629609552,0.999059828430106,0.9996081691947016,1.0,1.0
care,Care.com / childcare,care_d_0.10,d_I=d_J=0.10,False,common density d_I = d_J,0.1,150,0.1,0.1,0.1,Providers search,Both sides search,False,100,12.033866666666668,0.8180251492351229,10.852,12.023333333333333,13.620333333333333,0.9993329021822119,0.0013304130130504166,0.9969226020892688,1.0,1.0,1.0,0.0,6.854022000043187,0.08180251492351229,11.873533737416585,12.194199595916752,0.999072141231654,0.9995936631327699,1.0,1.0
care,Care.com / childcare,care_d_0.10,d_I=d_J=0.10,False,common density d_I = d_J,0.1,200,0.1,0.1,0.1,Both sides search,Both sides search,False,100,22.5002,0.44552257365521203,21.8325,22.495,23.235500000000002,0.9996749531015694,0.0007777256694732131,0.9978260869565215,0.9999999999999999,1.0,1.0,0.0,2.2217039996758103,0.0445522573655212,22.412877575563577,22.587522424436422,0.9995225188703526,0.9998273873327862,1.0,1.0
care,Care.com / childcare,care_d_0.10,d_I=d_J=0.10,False,common density d_I = d_J,0.1,200,0.1,0.1,0.1,Centralized matching,Both sides search,False,100,200.0,0.0,200.0,200.0,200.0,0.8567921471894115,0.01977522647285293,0.825892857142858,0.8552631578947375,0.8940042826552468,0.7824500000000001,0.027574463006575674,4.200972999969963,0.0,200.0,200.0,0.8529162028007323,0.8606680915780908,0.7770454052507113,0.7878545947492889
care,Care.com / childcare,care_d_0.10,d_I=d_J=0.10,False,common density d_I = d_J,0.1,200,0.1,0.1,0.1,Customers search,Both sides search,False,100,14.20215,0.7732018092831827,12.99825,14.254999999999999,15.44575,0.9985185687897801,0.0019213681980344783,0.9955752212389379,0.9999999999999997,1.0,1.0,0.0,9.91659100051038,0.07732018092831827,14.050602445380497,14.353697554619503,0.9981419806229653,0.9988951569565948,1.0,1.0
care,Care.com / childcare,care_d_0.10,d_I=d_J=0.10,False,common density d_I = d_J,0.1,200,0.1,0.1,0.1,Providers search,Both sides search,False,100,14.3658,0.8289633053496168,12.941,14.407499999999999,15.743,0.9986281922905091,0.001562570867832347,0.9956521739130434,0.9999999999999996,1.0,1.0,0.0,11.338523999147583,0.08289633053496168,14.203323192151474,14.528276807848526,0.998321928400414,0.9989344561806043,1.0,1.0
care,Care.com / childcare,care_d_0.20,d_I=d_J=0.20,False,common density d_I = d_J,0.2,25,0.1,0.2,0.2,Both sides search,Both sides search,False,100,7.2312,0.7221646472777368,6.238,7.2,8.642000000000001,1.0,1.3528551520035457e-16,0.9999999999999998,1.0,1.0000000000000002,1.0,0.0,0.28450799989514053,0.07221646472777368,7.089655729133564,7.372744270866437,1.0,1.0,1.0,1.0
care,Care.com / childcare,care_d_0.20,d_I=d_J=0.20,False,common density d_I = d_J,0.2,25,0.1,0.2,0.2,Centralized matching,Both sides search,False,100,25.0,0.0,25.0,25.0,25.0,0.6665157291708341,0.0737925999534643,0.5670103092783506,0.6435643564356436,0.7943925233644857,0.5464,0.08064788160938144,0.49009500100510195,0.0,25.0,25.0,0.6520523795799551,0.6809790787617132,0.5305930152045613,0.5622069847954387
care,Care.com / childcare,care_d_0.20,d_I=d_J=0.20,False,common density d_I = d_J,0.2,25,0.1,0.2,0.2,Customers search,Both sides search,False,100,5.9148000000000005,1.0153195048701156,4.512,5.84,7.84,0.9986746866070978,0.004860708434232093,0.9819483034436306,1.0,1.0000000000000002,1.0,0.0,0.629812000261154,0.10153195048701155,5.715797377045458,6.113802622954543,0.9977219877539883,0.9996273854602072,1.0,1.0
care,Care.com / childcare,care_d_0.20,d_I=d_J=0.20,False,common density d_I = d_J,0.2,25,0.1,0.2,0.2,Providers search,Both sides search,False,100,6.0336,1.2667970586794035,4.3180000000000005,5.96,8.286,0.9986280513231565,0.0050284624609304536,0.980952380952381,1.0,1.0000000000000002,1.0,0.0,0.6467649986734614,0.12667970586794036,5.785307776498836,6.281892223501163,0.9976424726808141,0.9996136299654989,1.0,1.0
care,Care.com / childcare,care_d_0.20,d_I=d_J=0.20,False,common density d_I = d_J,0.2,50,0.1,0.2,0.2,Both sides search,Both sides search,False,100,12.599200000000002,0.5809982353630259,11.739,12.56,13.647,0.9999152542372882,0.0008474576271186435,0.9999999999999999,1.0,1.0000000000000002,1.0,0.0,0.5707550008082762,0.05809982353630259,12.485324345868849,12.713075654131154,0.999749152542373,1.0000813559322035,1.0,1.0
care,Care.com / childcare,care_d_0.20,d_I=d_J=0.20,False,common density d_I = d_J,0.2,50,0.1,0.2,0.2,Centralized matching,Both sides search,False,100,50.0,0.0,50.0,50.0,50.0,0.8634988605442934,0.033935265375633336,0.8108108108108105,0.8624141876430205,0.9188034188034185,0.792,0.04696871944241832,0.878530002082698,0.0,50.0,50.0,0.8568475485306692,0.8701501725579175,0.7827941309892861,0.801205869010714
care,Care.com / childcare,care_d_0.20,d_I=d_J=0.20,False,common density d_I = d_J,0.2,50,0.1,0.2,0.2,Customers search,Both sides search,False,100,7.767799999999999,1.0363997317832556,6.115,7.8,9.34,0.9980945407830375,0.004172854097137796,0.9911504424778763,1.0,1.0000000000000002,1.0,0.0,1.4474629994947463,0.10363997317832556,7.564665652570481,7.970934347429518,0.9972766613799985,0.9989124201860765,1.0,1.0
care,Care.com / childcare,care_d_0.20,d_I=d_J=0.20,False,common density d_I = d_J,0.2,50,0.1,0.2,0.2,Providers search,Both sides search,False,100,7.873200000000001,0.9214929476264333,6.355,7.85,9.381,0.9983628431762682,0.0035955347877267476,0.9913005339435543,1.0,1.0000000000000002,1.0,0.0,1.5242210001451895,0.09214929476264333,7.69258738226522,8.053812617734781,0.9976581183578738,0.9990675679946627,1.0,1.0
care,Care.com / childcare,care_d_0.20,d_I=d_J=0.20,False,common density d_I = d_J,0.2,100,0.1,0.2,0.2,Both sides search,Both sides search,False,100,23.1806,0.9131738635388678,21.4385,23.335,24.56,0.9999193535274702,0.0005673739884886281,0.9999999999999999,1.0,1.0000000000000002,1.0,0.0,1.632872999762185,0.09131738635388678,23.00161792274638,23.359582077253616,0.9998081482257264,1.000030558829214,1.0,1.0
care,Care.com / childcare,care_d_0.20,d_I=d_J=0.20,False,common density d_I = d_J,0.2,100,0.1,0.2,0.2,Centralized matching,Both sides search,False,100,100.0,0.0,100.0,100.0,100.0,0.9848978536353923,0.008015570007843064,0.9693877551020408,0.9857723577235772,0.9979838709677419,0.9725999999999999,0.012522303334773555,2.2384489988326095,0.0,100.0,100.0,0.983326801913855,0.9864689053569295,0.9701456285463843,0.9750543714536155
care,Care.com / childcare,care_d_0.20,d_I=d_J=0.20,False,common density d_I = d_J,0.2,100,0.1,0.2,0.2,Customers search,Both sides search,False,100,10.8737,1.7940426979367585,7.670999999999999,11.265,13.127999999999998,0.9990668256602107,0.0018992540019151225,0.9959183673469387,1.0,1.0000000000000002,1.0,0.0,4.737214999622665,0.17940426979367585,10.522067631204395,11.225332368795604,0.9986945718758353,0.999439079444586,1.0,1.0
care,Care.com / childcare,care_d_0.20,d_I=d_J=0.20,False,common density d_I = d_J,0.2,100,0.1,0.2,0.2,Providers search,Both sides search,False,100,10.9396,1.7073861646246038,7.76,11.260000000000002,13.306000000000001,0.99923074663483,0.001596340023823628,0.9959349593495935,1.0,1.0000000000000002,1.0,0.0,5.089784000010695,0.17073861646246039,10.604952311733578,11.274247688266422,0.9989178639901606,0.9995436292794995,1.0,1.0
care,Care.com / childcare,care_d_0.20,d_I=d_J=0.20,False,common density d_I = d_J,0.2,150,0.1,0.2,0.2,Both sides search,Both sides search,False,100,32.202466666666666,1.1383689495589144,31.093,31.766666666666666,34.57433333333333,1.0,2.2316322462394835e-17,1.0,1.0,1.0,1.0,0.0,1.4969789978931658,0.11383689495589144,31.97934635255312,32.42558698078021,1.0,1.0,1.0,1.0
care,Care.com / childcare,care_d_0.20,d_I=d_J=0.20,False,common density d_I = d_J,0.2,150,0.1,0.2,0.2,Centralized matching,Both sides search,False,100,150.0,0.0,150.0,150.0,150.0,0.9979112453083882,0.0027493525361366963,0.9919571045576409,1.0,1.0,0.9961333333333333,0.004754819163225039,3.0046349996700883,0.0,150.0,150.0,0.9973723722113054,0.9984501184054709,0.9952013887773412,0.9970652778893254
care,Care.com / childcare,care_d_0.20,d_I=d_J=0.20,False,common density d_I = d_J,0.2,150,0.1,0.2,0.2,Customers search,Both sides search,False,100,9.550933333333333,2.837287163240463,6.346333333333334,8.656666666666666,14.684999999999999,1.0,3.156004588861012e-17,1.0,1.0,1.0,1.0,0.0,5.045359999057837,0.2837287163240463,8.994825049338202,10.107041617328465,1.0,1.0,1.0,1.0
care,Care.com / childcare,care_d_0.20,d_I=d_J=0.20,False,common density d_I = d_J,0.2,150,0.1,0.2,0.2,Providers search,Both sides search,False,100,9.610266666666666,2.9250279452270456,6.354,8.530000000000001,14.964666666666668,1.0,0.0,1.0,1.0,1.0,1.0,0.0,5.554091001977213,0.29250279452270456,9.036961189402165,10.183572143931167,1.0,1.0,1.0,1.0
care,Care.com / childcare,care_d_0.20,d_I=d_J=0.20,False,common density d_I = d_J,0.2,200,0.1,0.2,0.2,Both sides search,Both sides search,False,100,7.865950000000001,2.037592743752769,6.03975,7.404999999999999,12.308999999999996,1.0,0.0,1.0,1.0,1.0,1.0,0.0,5.660442001535557,0.2037592743752769,7.466581822224458,8.265318177775544,1.0,1.0,1.0,1.0
care,Care.com / childcare,care_d_0.20,d_I=d_J=0.20,False,common density d_I = d_J,0.2,200,0.1,0.2,0.2,Centralized matching,Both sides search,False,100,200.0,0.0,200.0,200.0,200.0,0.9996090977134994,0.0011028268025190843,0.996993987975952,1.0,1.0,0.9993500000000001,0.001833333333333335,4.344421000278089,0.0,200.0,200.0,0.9993929436602056,0.9998252517667932,0.9989906666666667,0.9997093333333334
care,Care.com / childcare,care_d_0.20,d_I=d_J=0.20,False,common density d_I = d_J,0.2,200,0.1,0.2,0.2,Customers search,Both sides search,False,100,7.865950000000001,2.037592743752769,6.03975,7.404999999999999,12.308999999999996,1.0,0.0,1.0,1.0,1.0,1.0,0.0,5.584998999547679,0.2037592743752769,7.466581822224458,8.265318177775544,1.0,1.0,1.0,1.0
care,Care.com / childcare,care_d_0.20,d_I=d_J=0.20,False,common density d_I = d_J,0.2,200,0.1,0.2,0.2,Providers search,Both sides search,False,100,7.9670000000000005,2.181920315370445,6.0680000000000005,7.4025,14.098999999999997,1.0,0.0,1.0,1.0,1.0,1.0,0.0,6.273093998897821,0.21819203153704453,7.539343618187393,8.394656381812608,1.0,1.0,1.0,1.0
care,Care.com / childcare,care_d_0.40,d_I=d_J=0.40,False,common density d_I = d_J,0.4,25,0.1,0.4,0.4,Both sides search,Both sides search,False,100,11.9408,1.0296529571274062,10.72,11.68,13.888,0.9998373983739838,0.0016260162601626105,1.0,1.0,1.0,1.0,0.0,0.21937999845249578,0.10296529571274063,11.738988020403028,12.142611979596971,0.9995186991869919,1.0001560975609756,1.0,1.0
care,Care.com / childcare,care_d_0.40,d_I=d_J=0.40,False,common density d_I = d_J,0.4,25,0.1,0.4,0.4,Centralized matching,Both sides search,False,100,25.0,0.0,25.0,25.0,25.0,0.9876532923187417,0.015718189768174528,0.9504132231404959,1.0,1.0,0.9788,0.02571325955945137,0.4520789999514818,0.0,25.0,25.0,0.9845725271241794,0.9907340575133039,0.9737602011263475,0.9838397988736525
care,Care.com / childcare,care_d_0.40,d_I=d_J=0.40,False,common density d_I = d_J,0.4,25,0.1,0.4,0.4,Customers search,Both sides search,False,100,4.046,1.4520970554979644,2.32,3.6,6.9239999999999995,0.9996773983739837,0.0022696631417403273,1.0,1.0,1.0,1.0,0.0,0.396277001418639,0.14520970554979645,3.761388977122399,4.330611022877601,0.9992325443982026,1.0001222523497648,1.0,1.0
care,Care.com / childcare,care_d_0.40,d_I=d_J=0.40,False,common density d_I = d_J,0.4,25,0.1,0.4,0.4,Providers search,Both sides search,False,100,4.4688,1.6599192386341812,2.398,4.12,7.127999999999999,1.0,3.156004588861012e-17,1.0,1.0,1.0,1.0,0.0,0.44527200021548197,0.16599192386341813,4.1434558292277,4.7941441707723,1.0,1.0,1.0,1.0
care,Care.com / childcare,care_d_0.40,d_I=d_J=0.40,False,common density d_I = d_J,0.4,50,0.1,0.4,0.4,Both sides search,Both sides search,False,100,3.1933999999999996,0.5613695734360724,2.419,3.2,4.181,1.0,0.0,1.0,1.0,1.0,1.0,0.0,0.5819209993933327,0.05613695734360724,3.0833715636065295,3.3034284363934696,1.0,1.0,1.0,1.0
care,Care.com / childcare,care_d_0.40,d_I=d_J=0.40,False,common density d_I = d_J,0.4,50,0.1,0.4,0.4,Centralized matching,Both sides search,False,100,50.0,0.0,50.0,50.0,50.0,1.0,0.0,1.0,1.0,1.0,1.0,0.0,0.8525880015804432,0.0,50.0,50.0,1.0,1.0,1.0,1.0
care,Care.com / childcare,care_d_0.40,d_I=d_J=0.40,False,common density d_I = d_J,0.4,50,0.1,0.4,0.4,Customers search,Both sides search,False,100,3.1933999999999996,0.5613695734360724,2.419,3.2,4.181,1.0,0.0,1.0,1.0,1.0,1.0,0.0,0.5787210006383248,0.05613695734360724,3.0833715636065295,3.3034284363934696,1.0,1.0,1.0,1.0
care,Care.com / childcare,care_d_0.40,d_I=d_J=0.40,False,common density d_I = d_J,0.4,50,0.1,0.4,0.4,Providers search,Both sides search,False,100,3.2119999999999997,0.6467697512338616,2.3169999999999997,3.1100000000000003,4.383,1.0,0.0,1.0,1.0,1.0,1.0,0.0,0.6093739991774783,0.06467697512338616,3.085233128758163,3.3387668712418366,1.0,1.0,1.0,1.0
care,Care.com / childcare,care_d_0.40,d_I=d_J=0.40,False,common density d_I = d_J,0.4,100,0.1,0.4,0.4,Both sides search,Both sides search,True,100,2.8678,0.3136896104705601,2.4485,2.83,3.3219999999999996,1.0,0.0,1.0,1.0,1.0,1.0,0.0,1.348287001310382,0.03136896104705601,2.80631683634777,2.92928316365223,1.0,1.0,1.0,1.0
care,Care.com / childcare,care_d_0.40,d_I=d_J=0.40,False,common density d_I = d_J,0.4,100,0.1,0.4,0.4,Centralized matching,Both sides search,True,100,87.0,0.0,87.0,87.0,87.0,1.0,0.0,1.0,1.0,1.0,1.0,0.0,2.259595002688002,0.0,87.0,87.0,1.0,1.0,1.0,1.0
care,Care.com / childcare,care_d_0.40,d_I=d_J=0.40,False,common density d_I = d_J,0.4,100,0.1,0.4,0.4,Customers search,Both sides search,True,100,2.8678,0.3136896104705601,2.4485,2.83,3.3219999999999996,1.0,0.0,1.0,1.0,1.0,1.0,0.0,1.3357079998240806,0.03136896104705601,2.80631683634777,2.92928316365223,1.0,1.0,1.0,1.0
care,Care.com / childcare,care_d_0.40,d_I=d_J=0.40,False,common density d_I = d_J,0.4,100,0.1,0.4,0.4,Providers search,Both sides search,True,100,2.9019,0.32617060355933764,2.4695,2.825,3.491,1.0,0.0,1.0,1.0,1.0,1.0,0.0,1.4045249999617226,0.032617060355933765,2.83797056170237,2.96582943829763,1.0,1.0,1.0,1.0
care,Care.com / childcare,care_d_0.40,d_I=d_J=0.40,False,common density d_I = d_J,0.4,150,0.1,0.4,0.4,Both sides search,Both sides search,True,100,2.7383333333333333,0.22792554950404922,2.4253333333333336,2.7133333333333334,3.0869999999999997,1.0,0.0,1.0,1.0,1.0,1.0,0.0,1.5142000003834255,0.02279255495040492,2.6936599256305396,2.783006741036127,1.0,1.0,1.0,1.0
care,Care.com / childcare,care_d_0.40,d_I=d_J=0.40,False,common density d_I = d_J,0.4,150,0.1,0.4,0.4,Centralized matching,Both sides search,True,100,94.0,0.0,94.0,94.0,94.0,1.0,0.0,1.0,1.0,1.0,1.0,0.0,2.8044260005117394,0.0,94.0,94.0,1.0,1.0,1.0,1.0
care,Care.com / childcare,care_d_0.40,d_I=d_J=0.40,False,common density d_I = d_J,0.4,150,0.1,0.4,0.4,Customers search,Both sides search,True,100,2.7383333333333333,0.22792554950404922,2.4253333333333336,2.7133333333333334,3.0869999999999997,1.0,0.0,1.0,1.0,1.0,1.0,0.0,1.5001510010915808,0.02279255495040492,2.6936599256305396,2.783006741036127,1.0,1.0,1.0,1.0
care,Care.com / childcare,care_d_0.40,d_I=d_J=0.40,False,common density d_I = d_J,0.4,150,0.1,0.4,0.4,Providers search,Both sides search,True,100,2.7336666666666667,0.24335731628502574,2.3796666666666666,2.7233333333333336,3.154333333333333,1.0,0.0,1.0,1.0,1.0,1.0,0.0,1.6231510005309246,0.024335731628502576,2.685968632674802,2.7813647006585316,1.0,1.0,1.0,1.0
care,Care.com / childcare,care_d_0.40,d_I=d_J=0.40,False,common density d_I = d_J,0.4,200,0.1,0.4,0.4,Both sides search,Both sides search,True,100,2.66765,0.18208036714871292,2.37,2.64,3.01575,1.0,0.0,1.0,1.0,1.0,1.0,0.0,2.006737998162862,0.01820803671487129,2.6319622480388523,2.703337751961148,1.0,1.0,1.0,1.0
care,Care.com / childcare,care_d_0.40,d_I=d_J=0.40,False,common density d_I = d_J,0.4,200,0.1,0.4,0.4,Centralized matching,Both sides search,True,100,100.0,0.0,100.0,100.0,100.0,1.0,0.0,1.0,1.0,1.0,1.0,0.0,3.960807999537792,0.0,100.0,100.0,1.0,1.0,1.0,1.0
care,Care.com / childcare,care_d_0.40,d_I=d_J=0.40,False,common density d_I = d_J,0.4,200,0.1,0.4,0.4,Customers search,Both sides search,True,100,2.66765,0.18208036714871292,2.37,2.64,3.01575,1.0,0.0,1.0,1.0,1.0,1.0,0.0,1.988190001284238,0.01820803671487129,2.6319622480388523,2.703337751961148,1.0,1.0,1.0,1.0
care,Care.com / childcare,care_d_0.40,d_I=d_J=0.40,False,common density d_I = d_J,0.4,200,0.1,0.4,0.4,Providers search,Both sides search,True,100,2.6504000000000003,0.1670672156512299,2.39475,2.6525,2.905,1.0,0.0,1.0,1.0,1.0,1.0,0.0,2.176902999053709,0.01670672156512299,2.6176548257323593,2.6831451742676413,1.0,1.0,1.0,1.0
